site,species,Girth (cm)
1,Dolichandrone atrovirens,3
1,Dolichandrone atrovirens,3
1,Dolichandrone atrovirens,2
1,Dolichandrone atrovirens,7
1,Dolichandrone atrovirens,4
1,Dolichandrone atrovirens,10
1,Dolichandrone atrovirens,6
1,Dolichandrone atrovirens,32
1,Dolichandrone atrovirens,30
1,Dolichandrone atrovirens,66
1,Dolichandrone atrovirens,51
1,Dolichandrone atrovirens,49
1,Acacia chundra,42
1,Acacia chundra,33
1,Azadirachata indica,23.5
1,Pterocarpus santalilnus,51
1,Acacia chundra,33
1,Acacia chundra,25
1,Acacia chundra,15
1,Acacia chundra,44
1,Acacia chundra,16
2,Dolichandrone atrovirens,9
2,Dolichandrone atrovirens,10
2,Cassia montana,2
2,Dolichandrone atrovirens,4
2,Tectonia grandis,125
2,Tectonia grandis,24.5
2,Tectonia grandis,20
2,Tectonia grandis,23
2,Tectonia grandis,31
2,Tectonia grandis,35
2,Dolichandrone atrovirens,19
2,Dolichandrone atrovirens,15.5
2,Tectonia grandis,17
2,Dolichandrone atrovirens,17
3,Dolichandrone atrovirens,4
3,Dolichandrone atrovirens,7
3,Cassia montana,4
3,Cassia montana,4.5
3,Cassia montana,5
3,Cassia montana,2
3,Pongamia pinnata,25
3,Pongamia pinnata,27
3,Morinda tinctoria,43
3,Premna tomentosa,26
3,Acacia chundra,32
3,Chloroxylon swietenia,15
3,Azadirachata indica,42
3,Syzygium jambola,39
3,Syzygium jambola,32
3,Syzygium jambola,30
4,Dolichandrone atrovirens,2
4,Dolichandrone atrovirens,3
4,Dolichandrone atrovirens,2.5
4,Dolichandrone atrovirens,3.2
4,Chloroxylon swietenia,49.5
4,Chloroxylon swietenia,48
4,Chloroxylon swietenia,25
4,Chloroxylon swietenia,35
4,Chloroxylon swietenia,23
4,Chloroxylon swietenia,19
4,Chloroxylon swietenia,28
4,Chloroxylon swietenia,59
4,Chloroxylon swietenia,21
4,Chloroxylon swietenia,22
4,Chloroxylon swietenia,32
4,Chloroxylon swietenia,31
4,Chloroxylon swietenia,21
4,Chloroxylon swietenia,15
4,Chloroxylon swietenia,24
4,Chloroxylon swietenia,17
4,Chloroxylon swietenia,34
4,Chloroxylon swietenia,29
4,Morinda tinctoria,47
4,Chloroxylon swietenia,32
5,Chloroxylon swietenia,8
5,Chloroxylon swietenia,7
5,Chloroxylon swietenia,4
5,Chloroxylon swietenia,8
5,Chloroxylon swietenia,2
5,Chloroxylon swietenia,4
5,Chloroxylon swietenia,2
5,Chloroxylon swietenia,4
5,Chloroxylon swietenia,3
5,Dolichandrone atrovirens,27
5,Dolichandrone atrovirens,25
5,Dolichandrone atrovirens,36
5,Dolichandrone atrovirens,22
5,Dolichandrone atrovirens,26
5,Dolichandrone atrovirens,22
5,Dolichandrone atrovirens,20
5,Dolichandrone atrovirens,27
5,Dolichandrone atrovirens,39
5,Dolichandrone atrovirens,23
5,Dolichandrone atrovirens,28
5,Dolichandrone atrovirens,30
5,Dolichandrone atrovirens,32
5,Dolichandrone atrovirens,23
5,Dolichandrone atrovirens,21
5,Dolichandrone atrovirens,27
5,Dolichandrone atrovirens,23
5,Dolichandrone atrovirens,18
5,Dolichandrone atrovirens,42
5,Dolichandrone atrovirens,23
6,Premna tomentosa,4
6,Premna tomentosa,3
6,Premna tomentosa,2
6,Premna tomentosa,3.5
6,Premna tomentosa,2.5
6,Premna tomentosa,3
6,Chloroxylon swietenia,26
6,Chloroxylon swietenia,25
6,Chloroxylon swietenia,17
6,Chloroxylon swietenia,15
6,Dolichandrone atrovirens,34
6,Chloroxylon swietenia,16
6,Chloroxylon swietenia,19
6,Dolichandrone atrovirens,35
6,Dolichandrone atrovirens,29
6,Dolichandrone atrovirens,68
7,Dolichandrone atrovirens,2.5
10,Dolichandrone atrovirens,67
7,Premna tomentosa,38
7,Chloroxylon swietenia,34
7,Wrightia tinctoria,21
7,Wrightia tinctoria,28
7,Chloroxylon swietenia,28
7,Chloroxylon swietenia,30
7,Chloroxylon swietenia,20
7,Chloroxylon swietenia,32
7,Chloroxylon swietenia,17
7,Chloroxylon swietenia,19
7,Premna tomentosa,21
7,Wrightia tinctoria,19
7,Chloroxylon swietenia,25
7,Chloroxylon swietenia,18
8,Cassia montana,2.5
8,Cassia montana,3
8,Cassia montana,3.5
8,Cassia montana,4
8,Cassia montana,3.2
8,Azadirachata indica,23
8,Azadirachata indica,24
8,Azadirachata indica,17
8,Azadirachata indica,31
8,Chloroxylon swietenia,15
8,Chloroxylon swietenia,25
8,Chloroxylon swietenia,29
9,Chloroxylon swietenia,41
9,Chloroxylon swietenia,19
9,Chloroxylon swietenia,39
9,Acacia chundra,27
9,Acacia chundra,56
9,Wrightia tinctoria,31
9,Acacia chundra,30
9,Acacia chundra,26
10,Dolichandrone atrovirens,67
10,Chloroxylon swietenia,56
10,Emblica officinalis,34
10,Emblica officinalis,57
10,Emblica officinalis,19
10,Emblica officinalis,54
10,Emblica officinalis,38
10,Azadirachata indica,30
10,Azadirachata indica,22
10,Emblica officinalis,48
10,Premna tomentosa,28
10,Emblica officinalis,47
10,Chloroxylon swietenia,56
1,Cassia montana,3
1,Cassia montana,3.5
1,Cassia montana,3.5
1,Cassia montana,3
1,Cassia montana,3.4
1,Cassia montana,3.2
1,Cassia montana,3
1,Tectonia grandis,3.2
1,Tectonia grandis,3
1,Cassia montana,3
1,Cassia montana,2
1,Butea monosperma,23
1,Butea monosperma,17
1,Butea monosperma,27
1,Diospyros montana,19
1,Diospyros montana,22
1,Diospyros montana,41
1,Butea monosperma,67
1,Butea monosperma,20
1,Butea monosperma,24
1,Tectonia grandis,31
1,Tectonia grandis,40
1,Tectonia grandis,15
1,Tectonia grandis,16
1,Butea monosperma,24
2,Cassia fistula,2
2,Dalbergia paniculata,3
2,Dalbergia paniculata,2
2,Dalbergia paniculata,2.5
2,Gimnosporia emarginata,3
2,Dodonaea viscosa,2
2,Gimnosporia emarginata,7
2,Cassia montana,4
2,Cassia montana,2
2,Dalbergia paniculata,82
2,Dalbergia paniculata,60
2,Ixora parviflora,14
2,Diospyros montana,24
2,Diospyros montana,36
2,#N/A,37
2,Ixora parviflora,14
2,Ixora parviflora,16
2,Buchnania latifolia,30
2,Buchnania latifolia,29
2,Diospyros montana,40
2,Diospyros montana,53
2,Diospyros montana,58
2,Diospyros montana,55
2,Gimnosporia emarginata,14
2,Diospyros montana,31
2,Diospyros montana,57
3,Gardenia gummifera,16
3,Gardenia gummifera,17
3,Gardenia gummifera,14
3,Gardenia gummifera,16
3,Gardenia gummifera,12
3,Gardenia gummifera,11
3,Gardenia gummifera,14
3,Gardenia gummifera,34
3,Gardenia gummifera,15
3,Gardenia gummifera,18
3,Gardenia gummifera,11.5
3,Diospyros chloroxylon,12
3,Buchnania latifolia,31
3,Premna tomentosa,37
3,Premna tomentosa,30
3,Premna tomentosa,39
3,Premna tomentosa,56
3,Buchnania latifolia,32
3,Buchnania latifolia,30
3,Buchnania latifolia,39
3,Buchnania latifolia,41
3,Buchnania latifolia,39
4,Ixora parviflora,6
4,Ixora parviflora,4
4,Ixora parviflora,2
4,Ixora parviflora,3
4,Gardenia gummifera,39
4,Gardenia gummifera,38
4,Buchnania latifolia,90
4,Gardenia gummifera,26
4,Gardenia gummifera,15
4,Gardenia gummifera,15
4,Gardenia gummifera,16
4,Gardenia gummifera,16
4,Gardenia gummifera,18
4,Diospyros chloroxylon,16
4,Diospyros chloroxylon,22
4,Diospyros chloroxylon,39
4,Diospyros chloroxylon,20
5,Butea monosperma,4
5,Butea monosperma,3
5,Butea monosperma,2
5,Holoptelia intergrifolia,2.2
5,Randia longispina,2
5,Randia longispina,3
5,Diospyros montana,21
5,Diospyros montana,20
5,Diospyros montana,32
5,Gimnosporia emarginata,20
5,Gimnosporia emarginata,16
5,Gardenia gummifera,14
5,Gardenia gummifera,16
5,Gardenia gummifera,14
5,Gardenia gummifera,15
5,Gardenia gummifera,18
5,Gardenia gummifera,18
5,Gardenia gummifera,13
5,Ixora parviflora,28
5,Gardenia gummifera,14
5,Gardenia gummifera,13
5,Gardenia gummifera,12
5,Gardenia gummifera,10.5
5,Gardenia gummifera,11.5
6,Dalbergia paniculata,2
6,Dalbergia paniculata,3
6,Dalbergia paniculata,3.4
6,Dalbergia paniculata,2.3
6,Dalbergia paniculata,3.3
6,Dalbergia paniculata,6.5
6,Dalbergia paniculata,7
6,Diospyros montana,2
6,Diospyros montana,3
6,Premna tomentosa,20
6,Premna tomentosa,18
6,Anogeissus latifolia,20
6,Anogeissus latifolia,24
6,Premna tomentosa,37
6,Premna tomentosa,14
6,Ixora parviflora,27
6,Ixora parviflora,14
6,Soumida febrifuga,12
6,Premna tomentosa,24
6,Premna tomentosa,15
6,Premna tomentosa,41
6,Premna tomentosa,17
6,Boswelia serrata,12
6,Boswelia serrata,14
6,Boswelia serrata,28
6,Boswelia serrata,27
6,Gimnosporia emarginata,24
6,Diospyros montana,18
6,Diospyros montana,16
6,Diospyros montana,12
6,Diospyros montana,13
7,Cassia montana,3
7,Cassia montana,2
7,Cassia montana,1.5
7,Cassia montana,1.7
7,Cassia montana,3.3
7,Ixora parviflora,3
7,Ixora parviflora,4
7,Ixora parviflora,6
7,Ixora parviflora,8
7,Ixora parviflora,7
7,Ixora parviflora,9
7,Boswelia serrata,13
7,Boswelia serrata,26
7,Boswelia serrata,27
7,Boswelia serrata,23
7,Dalbergia paniculata,69
7,Cassia fistula,29
7,Acacia sundra,15
7,Acacia sundra,13
7,Acacia sundra,15
7,Acacia sundra,12
8,Acacia sundra,5
8,Acacia sundra,7
8,Acacia sundra,6
8,Maytenus emarginata,4
8,Gimnosporia emarginata,5.5
8,Dodonaea viscosa,2
8,Dodonaea viscosa,3
8,Maytenus emarginata,6
8,Dodonaea viscosa,4
8,Dodonaea viscosa,5
8,Dodonaea viscosa,4.5
8,Dodonaea viscosa,3
8,Dodonaea viscosa,4
8,Dodonaea viscosa,2.5
8,Dodonaea viscosa,2
8,Albizia amara,17
8,Albizia amara,30
8,Albizia amara,22
8,Anogeissus latifolia,24
8,Anogeissus latifolia,23
8,Anogeissus latifolia,18
8,Anogeissus latifolia,24
8,Anogeissus latifolia,11
8,Anogeissus latifolia,21
8,Gimnosporia emarginata,16
8,Anogeissus latifolia,21
8,Anogeissus latifolia,21
8,Anogeissus latifolia,20
8,Anogeissus latifolia,28
8,Diospyros melanoxylon,11
8,Anogeissus latifolia,21
8,Anogeissus latifolia,24
8,Anogeissus latifolia,28
8,Anogeissus latifolia,24
8,Gimnosporia emarginata,16
8,Acacia chundra,34
8,Gimnosporia emarginata,18
8,Gimnosporia emarginata,20
9,Tectonia grandis,3
9,Tectonia grandis,4
9,Tectonia grandis,6
9,Diospyros montana,2
9,Butea monosperma,2
9,Cassia montana,2.7
9,Diospyros chloroxylon,2.5
9,Diospyros chloroxylon,13
9,Diospyros chloroxylon,16
9,#N/A,70
9,Tectonia grandis,14
9,Tectonia grandis,15
9,Gardenia gummifera,22
9,Gardenia gummifera,16
9,Gardenia gummifera,14
9,Buchnania latifolia,28
9,Buchnania latifolia,37
9,Buchnania latifolia,30
9,Buchnania latifolia,35
9,Buchnania latifolia,36
9,Tectonia grandis,26
9,Tectonia grandis,13
9,Tectonia grandis,19
9,Tectonia grandis,15
9,Tectonia grandis,14
9,Tectonia grandis,11
9,Diospyros montana,14
9,Diospyros montana,16
9,Diospyros montana,12
10,Diospyros melanoxylon,4
10,Diospyros melanoxylon,3
10,Diospyros melanoxylon,3
10,Diospyros melanoxylon,2.5
10,Diospyros melanoxylon,2.7
10,Diospyros melanoxylon,4
10,Diospyros melanoxylon,5
10,Boswelia serrata,60
10,Boswelia serrata,26
10,Buchnania latifolia,34
10,Buchnania latifolia,35
10,Buchnania latifolia,37
10,Gimnosporia emarginata,16
10,Gimnosporia emarginata,20
10,Gimnosporia emarginata,13
10,Gimnosporia emarginata,12
10,Gimnosporia emarginata,14.5
10,Gimnosporia emarginata,12.5
10,Gimnosporia emarginata,21
10,Gimnosporia emarginata,13
10,Gimnosporia emarginata,19
10,Gimnosporia emarginata,12
10,Ixora parviflora,24
10,Soumida febrifuga,90
10,Soumida febrifuga,90
10,Soumida febrifuga,28
1,Cassia montana,3.5
1,Cassia montana,3
1,Cassia montana,2.5
1,Cassia montana,2
1,Dolichandrone atrovirens,2.5
1,Dolichandrone atrovirens,3
1,Cassia montana,3.4
1,Cassia montana,2
1,Cassia montana,3
1,Cassia montana,2.5
1,Cassia montana,2
1,Dolichandrone atrovirens,27
1,Dolichandrone atrovirens,14
1,Dolichandrone atrovirens,24
1,Dolichandrone atrovirens,15
1,Dolichandrone atrovirens,24
1,Dolichandrone atrovirens,25
1,Dalbergia paniculata,14
1,Dolichandrone atrovirens,19
1,Dolichandrone atrovirens,15
1,Dolichandrone atrovirens,17
1,Dolichandrone atrovirens,21
1,Dolichandrone atrovirens,15
1,Dolichandrone atrovirens,14
1,Dolichandrone atrovirens,23
1,Dolichandrone atrovirens,16
1,Dolichandrone atrovirens,14
1,Dolichandrone atrovirens,23
1,Dolichandrone atrovirens,14
2,Cassia montana,3
2,Cassia montana,3.5
2,Cassia montana,5
2,Cassia montana,4.5
2,Cassia montana,3.4
2,Cassia montana,3
2,Cassia montana,3
2,Cassia montana,3.5
2,Cassia montana,4
2,Cassia montana,3.5
2,Cassia montana,3.5
2,Dolichandrone atrovirens,16
2,Dolichandrone atrovirens,30
2,Dolichandrone atrovirens,25
2,Dolichandrone atrovirens,16
2,Dolichandrone atrovirens,14
2,Dolichandrone atrovirens,31
2,Dolichandrone atrovirens,14
2,Dolichandrone atrovirens,16
2,Dolichandrone atrovirens,12
2,Dolichandrone atrovirens,14
2,Dolichandrone atrovirens,16
2,Dolichandrone atrovirens,11
2,Dolichandrone atrovirens,14
2,Dolichandrone atrovirens,23
2,Dolichandrone atrovirens,14
2,Dolichandrone atrovirens,20
2,Dolichandrone atrovirens,12
2,Dolichandrone atrovirens,15
2,Dolichandrone atrovirens,30
2,Dolichandrone atrovirens,18
2,Dolichandrone atrovirens,16
3,Dolichandrone atrovirens,2.5
3,Dolichandrone atrovirens,3
3,Gardenia gummifera,2
3,Gardenia gummifera,2.5
3,Dalbergia paniculata,4
3,Cassia auriculata,3
3,Dolichandrone atrovirens,5
3,Dolichandrone atrovirens,4
3,Dolichandrone atrovirens,3.5
3,Cassia montana,3
3,Dolichandrone atrovirens,15
3,Dolichandrone atrovirens,14
3,Dolichandrone atrovirens,19
3,Dolichandrone atrovirens,13
3,Dolichandrone atrovirens,17
3,Dolichandrone atrovirens,24
3,Dolichandrone atrovirens,19
3,Dolichandrone atrovirens,12
3,Dolichandrone atrovirens,11
3,Dolichandrone atrovirens,12
3,Dolichandrone atrovirens,24
3,Dolichandrone atrovirens,21
3,Dolichandrone atrovirens,19
3,Dolichandrone atrovirens,29
3,Dolichandrone atrovirens,18
3,Dolichandrone atrovirens,16
3,Dolichandrone atrovirens,24
3,Dolichandrone atrovirens,13
3,Dolichandrone atrovirens,15
3,Dolichandrone atrovirens,12
3,Dolichandrone atrovirens,18
3,Dolichandrone atrovirens,12
4,Dolichandrone atrovirens,3
4,Dolichandrone atrovirens,4
4,Dolichandrone atrovirens,2.5
4,Dolichandrone atrovirens,2
4,Dolichandrone atrovirens,1.5
4,Dolichandrone atrovirens,3
4,Dolichandrone atrovirens,3
4,Dolichandrone atrovirens,4
4,Dolichandrone atrovirens,19
4,Dolichandrone atrovirens,17
4,Dolichandrone atrovirens,24
4,Dolichandrone atrovirens,19
4,Dolichandrone atrovirens,26
4,Dolichandrone atrovirens,15
4,Dolichandrone atrovirens,23
4,Dolichandrone atrovirens,17
4,Dolichandrone atrovirens,19
4,Dolichandrone atrovirens,20
4,Dolichandrone atrovirens,14
4,Dolichandrone atrovirens,17
4,Dolichandrone atrovirens,13
4,Dolichandrone atrovirens,12
4,Dolichandrone atrovirens,13
4,Dolichandrone atrovirens,14
4,Dolichandrone atrovirens,13
4,Dolichandrone atrovirens,14
4,Dolichandrone atrovirens,13
4,Dolichandrone atrovirens,15
4,Dolichandrone atrovirens,15
4,Dolichandrone atrovirens,19
4,Dolichandrone atrovirens,16
4,Dolichandrone atrovirens,16
5,Dolichandrone atrovirens,3
5,Dolichandrone atrovirens,4
5,Pongamia pinnata,5
5,Pongamia pinnata,4
5,Pongamia pinnata,2.5
5,Pongamia pinnata,3
5,Cassia montana,3
5,Cassia montana,3.5
5,Dolichandrone atrovirens,17
5,Dolichandrone atrovirens,16
5,Dolichandrone atrovirens,14
5,Dolichandrone atrovirens,14
5,Dolichandrone atrovirens,17
5,Dolichandrone atrovirens,18
5,Dolichandrone atrovirens,12
5,Dolichandrone atrovirens,19
5,Dolichandrone atrovirens,17
5,Dolichandrone atrovirens,12
5,Dolichandrone atrovirens,19
5,Dolichandrone atrovirens,13
5,Dolichandrone atrovirens,13
5,Dolichandrone atrovirens,11
5,Dolichandrone atrovirens,14
5,Dolichandrone atrovirens,25
5,Dolichandrone atrovirens,14
5,Dolichandrone atrovirens,15
5,Dolichandrone atrovirens,11
5,Dolichandrone atrovirens,21
5,Pongamia pinnata,12
6,Dolichandrone atrovirens,3
6,Dolichandrone atrovirens,4
6,Dolichandrone atrovirens,3.5
6,Dolichandrone atrovirens,4.1
6,Dolichandrone atrovirens,3.8
6,Dolichandrone atrovirens,3
6,Dolichandrone atrovirens,4
6,Dolichandrone atrovirens,3.8
6,Dolichandrone atrovirens,3.5
6,Dolichandrone atrovirens,3.1
6,Dolichandrone atrovirens,3.5
6,Dolichandrone atrovirens,24
6,Dolichandrone atrovirens,16
6,Dolichandrone atrovirens,14
6,Dolichandrone atrovirens,12
6,Dolichandrone atrovirens,15
6,Dolichandrone atrovirens,16
6,Dolichandrone atrovirens,19
6,Dolichandrone atrovirens,14
6,Dolichandrone atrovirens,12
6,Dolichandrone atrovirens,11
6,Dolichandrone atrovirens,16
6,Dolichandrone atrovirens,12
6,Dolichandrone atrovirens,17
6,Dolichandrone atrovirens,18
6,Dolichandrone atrovirens,17
6,Dolichandrone atrovirens,18
6,Dolichandrone atrovirens,22
6,Dolichandrone atrovirens,14
6,Dolichandrone atrovirens,11
6,Dolichandrone atrovirens,17
6,Dolichandrone atrovirens,25
6,Dolichandrone atrovirens,24
6,Dolichandrone atrovirens,17
7,Dolichandrone atrovirens,3
7,Dolichandrone atrovirens,3.5
7,Dolichandrone atrovirens,4
7,Dolichandrone atrovirens,4.5
7,Dolichandrone atrovirens,5
7,Dolichandrone atrovirens,2
7,Dodonaea viscosa,2
7,Dodonaea viscosa,2.5
7,Dodonaea viscosa,3
7,Dolichandrone atrovirens,26
7,Dolichandrone atrovirens,13
7,Dolichandrone atrovirens,18
7,Dolichandrone atrovirens,17
7,Dolichandrone atrovirens,16
7,Dolichandrone atrovirens,14
7,Dolichandrone atrovirens,18
7,Dolichandrone atrovirens,14
7,Dolichandrone atrovirens,11
7,Dolichandrone atrovirens,12
7,Dolichandrone atrovirens,13
7,Dolichandrone atrovirens,23
7,Dolichandrone atrovirens,22
7,Dolichandrone atrovirens,19
7,Dolichandrone atrovirens,23
7,Dolichandrone atrovirens,26
7,Dolichandrone atrovirens,30
7,Dolichandrone atrovirens,13
7,Dolichandrone atrovirens,22
7,Dolichandrone atrovirens,19
7,Dolichandrone atrovirens,25
7,Dolichandrone atrovirens,16
8,Dolichandrone atrovirens,3.5
8,Dolichandrone atrovirens,3
8,Dolichandrone atrovirens,2.5
8,Dolichandrone atrovirens,2.6
8,Dolichandrone atrovirens,2.8
8,Dolichandrone atrovirens,3
8,Dolichandrone atrovirens,3
8,Chloroxylon swietenia,3
8,Gardenia gummifera,4
8,Dolichandrone atrovirens,16
8,Dolichandrone atrovirens,21
8,Dolichandrone atrovirens,17
8,Dolichandrone atrovirens,16
8,Dolichandrone atrovirens,18
8,Dolichandrone atrovirens,22
8,Dolichandrone atrovirens,17
8,Chloroxylon swietenia,22
8,Chloroxylon swietenia,18
8,Chloroxylon swietenia,17
8,Chloroxylon swietenia,29
8,Chloroxylon swietenia,30
8,Chloroxylon swietenia,19
8,Dolichandrone atrovirens,21
8,Dolichandrone atrovirens,19
8,Dolichandrone atrovirens,13
8,Dolichandrone atrovirens,12
8,Dolichandrone atrovirens,11
8,Dolichandrone atrovirens,17
9,Cassia montana,2
9,Cassia montana,3
9,Cassia montana,3.5
9,Cassia montana,4.5
9,Cassia montana,4
9,Dolichandrone atrovirens,3
9,Dolichandrone atrovirens,2.5
9,Dolichandrone atrovirens,2
9,Dolichandrone atrovirens,2
9,Dolichandrone atrovirens,4.4
9,Dolichandrone atrovirens,14
9,Dolichandrone atrovirens,16
9,Dolichandrone atrovirens,12
9,Dolichandrone atrovirens,11
9,Dolichandrone atrovirens,16
9,Dolichandrone atrovirens,18
9,Chloroxylon swietenia,15
9,Chloroxylon swietenia,14
9,Dolichandrone atrovirens,22
9,Dolichandrone atrovirens,19
9,Dolichandrone atrovirens,18
9,Dolichandrone atrovirens,22
9,Dolichandrone atrovirens,14
9,Dolichandrone atrovirens,16
9,Dolichandrone atrovirens,23
9,Dolichandrone atrovirens,19
9,Dolichandrone atrovirens,20
10,Dolichandrone atrovirens,3.3
10,Dolichandrone atrovirens,3.5
10,Dolichandrone atrovirens,3.2
10,Dolichandrone atrovirens,3
10,Dolichandrone atrovirens,3
10,Dolichandrone atrovirens,4
10,Dolichandrone atrovirens,4.5
10,Dolichandrone atrovirens,2.1
10,Dolichandrone atrovirens,2.3
10,Dolichandrone atrovirens,2.9
10,Dolichandrone atrovirens,2.7
10,Dolichandrone atrovirens,2.5
10,Dolichandrone atrovirens,4.1
10,Dolichandrone atrovirens,4.5
10,Dolichandrone atrovirens,4.7
10,Dolichandrone atrovirens,4
10,Dolichandrone atrovirens,4
10,Dolichandrone atrovirens,3.1
10,Dolichandrone atrovirens,3
10,Dolichandrone atrovirens,17
10,Gimnosporia emarginata,16
10,Gimnosporia emarginata,12
10,Gimnosporia emarginata,11
10,Acacia chundra,26
10,Acacia chundra,29
10,Acacia chundra,33
10,Dolichandrone atrovirens,21
10,Dolichandrone atrovirens,16
10,Dolichandrone atrovirens,12
10,Dolichandrone atrovirens,14
10,Dolichandrone atrovirens,17
10,Dolichandrone atrovirens,19
10,Dolichandrone atrovirens,21
10,Acacia chundra,22
10,Dolichandrone atrovirens,19
10,Dolichandrone atrovirens,21
1,Cassia montana,2
1,Cassia montana,2.5
1,Cassia montana,2
1,Cassia montana,2.5
1,Cassia montana,3
1,Cassia montana,3
1,Cassia montana,3.5
1,Cassia montana,1.5
1,Albizia amara,22.5
1,Albizia amara,16.5
1,Tectonia grandis,21.5
1,Wrightia tinctoria,25
1,Wrightia tinctoria,15
1,Wrightia tinctoria,16
1,Pterocarpus santalilnus,48
1,Tectonia grandis,20.5
1,Tectonia grandis,20
1,Wrightia tinctoria,33
1,Albizia amara,18
1,Albizia amara,24
1,Tectonia grandis,19
2,Albizia amara,5.5
2,Albizia amara,4.5
2,Albizia amara,4
2,Albizia amara,3.5
2,Albizia amara,2
2,Cassia auriculata,2
2,Cassia auriculata,1.5
2,Cassia auriculata,3
2,Cassia montana,2.5
2,Cassia montana,3
2,Cassia montana,2
2,Cassia montana,1.5
2,Dalbergia paniculata,68
2,Dalbergia paniculata,31.5
2,Wrightia tinctoria,25.5
2,Wrightia tinctoria,20
2,Wrightia tinctoria,21
2,Wrightia tinctoria,21
2,Wrightia tinctoria,29
2,Wrightia tinctoria,23.5
2,Wrightia tinctoria,21
2,Premna tomentosa,16
2,Premna tomentosa,13
2,Premna tomentosa,13
2,Wrightia tinctoria,40
2,Wrightia tinctoria,35
2,Wrightia tinctoria,16
2,Wrightia tinctoria,29
2,Wrightia tinctoria,23.5
2,Wrightia tinctoria,26
2,Wrightia tinctoria,22
2,Wrightia tinctoria,20
2,Wrightia tinctoria,18
2,Wrightia tinctoria,19
2,Wrightia tinctoria,16
2,Wrightia tinctoria,25.5
3,Cassia montana,4
3,Cassia montana,2.5
3,Cassia montana,3
3,Cassia montana,2.5
3,Cassia montana,2
3,Cassia montana,1.5
3,Cassia fistula,3.5
3,Cassia fistula,4
3,Cassia fistula,2
3,Cassia fistula,3.5
3,Albizia amara,4
3,Cassia montana,3
3,Cassia montana,3
3,Cassia montana,2.5
3,Cassia montana,3
3,Cassia montana,4
3,Cassia montana,2
3,Cassia montana,3
3,Albizia amara,4
3,Albizia amara,3
3,Albizia amara,2
3,Wrightia tinctoria,30
3,Wrightia tinctoria,15
3,Wrightia tinctoria,24
3,Wrightia tinctoria,25
3,Wrightia tinctoria,17
3,Wrightia tinctoria,31.5
3,Wrightia tinctoria,33
3,Wrightia tinctoria,16
3,Wrightia tinctoria,17
3,Wrightia tinctoria,34
3,Wrightia tinctoria,24
3,Wrightia tinctoria,26
3,Wrightia tinctoria,19
4,Alangium salvifolium,14
4,Albizia amara,79
4,Albizia amara,20
4,Wrightia tinctoria,23
4,Wrightia tinctoria,26
4,Wrightia tinctoria,32
4,Wrightia tinctoria,28
4,Albizia amara,48
4,Albizia amara,28
4,Albizia amara,16
4,Albizia amara,31
4,Albizia amara,41
4,Albizia amara,22
4,Albizia amara,30
4,Holoptelia intergrifolia,15
4,Holoptelia intergrifolia,15
5,Albizia amara,4
5,Albizia amara,3
5,Albizia amara,2
5,Albizia amara,2.5
5,Ziziphus mauritiana,4
5,Wrightia tinctoria,13.3
5,Wrightia tinctoria,15
5,Wrightia tinctoria,20
5,Wrightia tinctoria,22
5,Dolichandrone atrovirens,24
6,Albizia amara,3
6,Albizia amara,2
6,Albizia amara,3.5
6,Albizia amara,1.5
6,Albizia amara,2
6,Albizia amara,3
6,Albizia amara,2
6,Albizia amara,1.5
6,Albizia amara,2.5
6,Wrightia tinctoria,29
6,Wrightia tinctoria,25
6,Wrightia tinctoria,20
6,Wrightia tinctoria,30
6,Wrightia tinctoria,21
6,Wrightia tinctoria,22
6,Wrightia tinctoria,24
6,Wrightia tinctoria,34
6,Wrightia tinctoria,75
6,Wrightia tinctoria,16
6,Wrightia tinctoria,15
6,Wrightia tinctoria,16
6,Wrightia tinctoria,15
6,Cassia fistula,24
6,Wrightia tinctoria,21
7,Cassia montana,4
7,Cassia montana,3
7,Cassia montana,3.5
7,Cassia montana,4
7,Cassia montana,4
7,Cassia montana,3
7,Cassia montana,2.5
7,Wrightia tinctoria,27
7,Wrightia tinctoria,16
7,Wrightia tinctoria,38
7,Wrightia tinctoria,31
7,Wrightia tinctoria,23
7,Wrightia tinctoria,38
7,Wrightia tinctoria,21
7,Wrightia tinctoria,54
7,Wrightia tinctoria,21
7,Albizia lebbeck,53
7,Wrightia tinctoria,31
7,Wrightia tinctoria,23
7,Wrightia tinctoria,19
7,Albizia lebbeck,20
7,Wrightia tinctoria,26
7,Wrightia tinctoria,19
7,Wrightia tinctoria,62
7,Wrightia tinctoria,25
8,Alangium salvifolium,11
8,Alangium salvifolium,7
8,Alangium salvifolium,2
8,Alangium salvifolium,1.5
8,Alangium salvifolium,8
8,Alangium salvifolium,10
8,Albizia amara,21
8,Albizia amara,20
8,Albizia amara,17
8,Albizia amara,23
8,Albizia amara,25
8,Albizia amara,38
8,Alangium salvifolium,37
8,Wrightia tinctoria,32
8,Premna tomentosa,28.5
8,Albizia amara,56
8,Wrightia tinctoria,37
8,Wrightia tinctoria,25
8,Wrightia tinctoria,17
8,Wrightia tinctoria,17
8,Wrightia tinctoria,38
8,Wrightia tinctoria,26
8,Wrightia tinctoria,14.5
8,Wrightia tinctoria,47
8,Wrightia tinctoria,20
8,Wrightia tinctoria,30
8,Wrightia tinctoria,33
8,Wrightia tinctoria,24
8,Wrightia tinctoria,30
8,Wrightia tinctoria,19
8,Wrightia tinctoria,27
8,Wrightia tinctoria,24
8,Wrightia tinctoria,25
8,Wrightia tinctoria,33
8,Wrightia tinctoria,21
8,Wrightia tinctoria,41
8,Wrightia tinctoria,25
8,Albizia amara,30
8,Wrightia tinctoria,22
8,Azadirachata indica,57
8,Alangium salvifolium,20
8,Wrightia tinctoria,21
9,Cassia montana,3
9,Cassia montana,3
9,Cassia montana,3
9,Cassia montana,3.5
9,Cassia montana,3
9,Cassia montana,3
9,Cassia montana,2
9,Cassia montana,2
9,Cassia montana,1.5
9,Wrightia tinctoria,28
9,Wrightia tinctoria,19
9,Wrightia tinctoria,18
9,Wrightia tinctoria,33
9,Wrightia tinctoria,20.5
9,Wrightia tinctoria,27
9,Azadirachata indica,49
9,Wrightia tinctoria,36
9,Wrightia tinctoria,20
10,Cassia montana,2
10,Cassia montana,3
10,Cassia montana,2.5
10,Cassia montana,2.5
10,Cassia montana,2
10,Albizia amara,2.5
10,Albizia amara,3
10,Wrightia tinctoria,41
10,Wrightia tinctoria,32
10,Wrightia tinctoria,32
10,Wrightia tinctoria,24
10,Wrightia tinctoria,36
10,Albizia amara,15
10,Azadirachata indica,33
1,Cassia montana,2.5
1,Cassia montana,3.3
1,Cassia montana,2
1,Cassia montana,2.5
1,Cassia montana,3
1,Cassia montana,2.2
1,Dodonaea viscosa,3.5
1,Dodonaea viscosa,4
1,Pongamia pinnata,4
1,Cassia montana,5
1,Cassia montana,4.5
1,Azadirachata indica,3
1,Cassia montana,2
1,Pongamia pinnata,15
1,Pongamia pinnata,11
1,Pongamia pinnata,12
1,Pongamia pinnata,18
1,Pongamia pinnata,11.5
1,Pongamia pinnata,12
1,Pongamia pinnata,11
1,Azadirachata indica,29
1,Azadirachata indica,19
1,Pongamia pinnata,14
1,Pongamia pinnata,16
1,Pongamia pinnata,16
1,Maytenus emarginata,11
1,Eucalyptus globulus,38
1,Eucalyptus globulus,13
1,Eucalyptus globulus,19
2,Cassia montana,2.5
2,Cassia montana,3
2,Cassia montana,3
2,Cassia montana,4
2,Cassia montana,3.5
2,Cassia montana,3
2,Cassia montana,3.5
2,Azadirachata indica,2
2,Dolichandrone atrovirens,4
2,Dolichandrone atrovirens,6
2,Dolichandrone atrovirens,3
2,Dolichandrone atrovirens,3.5
2,Dolichandrone atrovirens,4
2,Dolichandrone atrovirens,3.2
2,Azadirachata indica,14
2,Azadirachata indica,15
2,Azadirachata indica,11
2,Azadirachata indica,26
2,Azadirachata indica,47
2,Azadirachata indica,42
2,Albizia amara,26
2,Albizia amara,14
2,Azadirachata indica,45
2,Gyrocarpus americanus,42
2,Gyrocarpus americanus,45
2,Gyrocarpus americanus,26
2,Gyrocarpus americanus,24
2,Gyrocarpus americanus,32
2,Azadirachata indica,43
2,Azadirachata indica,33
2,Azadirachata indica,37
3,Pongamia pinnata,4
3,Pongamia pinnata,3.5
3,Pongamia pinnata,4
3,Pongamia pinnata,3.5
3,Pongamia pinnata,5
3,Pongamia pinnata,4
3,Pongamia pinnata,5.5
3,Pongamia pinnata,4.2
3,Pongamia pinnata,5
3,Acacia leucophloea,5.5
3,Acacia leucophloea,6
3,Acacia leucophloea,4
3,Cassia montana,4
3,Cassia montana,3
3,Pheonix sylvestris,53
3,Azadirachata indica,52
3,Pongamia pinnata,11
3,Pongamia pinnata,12
3,Pongamia pinnata,13
3,Pongamia pinnata,10.5
3,Pongamia pinnata,11.5
3,Pongamia pinnata,11.5
3,Pongamia pinnata,12
3,Pongamia pinnata,13
3,Pongamia pinnata,11
3,Pongamia pinnata,14
3,Azadirachata indica,32
4,Gimnosporia emarginata,3
4,Maytenus emarginata,3
4,Flacortia sepiaria,3
4,Flacortia sepiaria,4
4,Flacortia sepiaria,5
4,Flacortia sepiaria,2.5
4,Azadirachata indica,42
4,Azadirachata indica,38
4,Azadirachata indica,36
4,Erythroxylum monogynum,11
4,Erythroxylum monogynum,11.5
4,Erythroxylum monogynum,10.5
4,Azadirachata indica,58
4,Azadirachata indica,44
4,Azadirachata indica,56
4,Tectonia grandis,25
4,Azadirachata indica,41
4,Azadirachata indica,46
4,Syzygium jambola,18
4,Azadirachata indica,32
5,Cassia montana,3
5,Cassia montana,3.5
5,Cassia montana,2.2
5,Cassia montana,2.3
5,Pongamia pinnata,4
5,Pongamia pinnata,4.5
5,Pongamia pinnata,3.8
5,Pongamia pinnata,3.5
5,Cassia montana,2.1
5,Cassia montana,2.5
5,Cassia montana,2.8
5,Cassia montana,2.5
5,Dalbergia paniculata,54
5,Tectonia grandis,25
5,Tectonia grandis,46
5,Tectonia grandis,43
5,Dolichandrone atrovirens,40
5,Dolichandrone atrovirens,19
5,Dolichandrone atrovirens,34
5,Tectonia grandis,34
5,Tectonia grandis,20
5,Azadirachata indica,45
5,Azadirachata indica,56
6,Cassia montana,4
6,Cassia montana,3.5
6,Flacortia sepiaria,3.5
6,Flacortia sepiaria,3
6,Flacortia sepiaria,4
6,Flacortia sepiaria,2
6,Flacortia sepiaria,5
6,Erythroxylum monogynum,4
6,Erythroxylum monogynum,6
6,Erythroxylum monogynum,5
6,Erythroxylum monogynum,3.5
6,Erythroxylum monogynum,2
6,Cassia montana,4
6,Flacortia sepiaria,3.5
6,Azadirachata indica,50
6,Azadirachata indica,26
6,Azadirachata indica,17
6,Azadirachata indica,28
6,Azadirachata indica,27
6,Azadirachata indica,13
6,Tectonia grandis,32
6,Azadirachata indica,39
6,Azadirachata indica,23
6,Azadirachata indica,26
6,Azadirachata indica,37
6,Azadirachata indica,34
6,Azadirachata indica,36
6,Azadirachata indica,25
6,Acacia chundra,32
6,Acacia chundra,30
6,Azadirachata indica,30
6,Azadirachata indica,13
6,Azadirachata indica,22
6,Azadirachata indica,14
7,Flacortia sepiaria,3.5
7,Flacortia sepiaria,4
7,Flacortia sepiaria,7
7,Flacortia sepiaria,8
7,Cassia montana,9
7,Cassia montana,8
7,Cassia montana,8
7,Cassia montana,8.5
7,Cassia montana,7
7,Cassia montana,5
7,Cassia montana,5
7,Cassia montana,8
7,Cassia montana,6
7,Cassia montana,7
7,Cassia montana,5
7,Dodonaea viscosa,4
7,Dodonaea viscosa,3
7,Dodonaea viscosa,3
7,Azadirachata indica,23
7,Azadirachata indica,29
7,Azadirachata indica,42
7,Azadirachata indica,22
7,Wrightia tinctoria,24
7,Tectonia grandis,32
7,Syzygium jambola,20
7,Syzygium jambola,21
7,Azadirachata indica,38
7,Azadirachata indica,46
7,Azadirachata indica,45
8,Dolichandrone atrovirens,2.5
8,Dolichandrone atrovirens,2
8,Cassia montana,1.5
8,Cassia montana,2
8,Cassia montana,2.5
8,Cassia montana,2.2
8,Cassia montana,2.8
8,Azadirachata indica,37
8,Azadirachata indica,41
8,Azadirachata indica,31
8,Azadirachata indica,43
8,Azadirachata indica,36
8,Azadirachata indica,37
8,Azadirachata indica,32
8,Dolichandrone atrovirens,16
8,Dolichandrone atrovirens,20
9,Cassia montana,6.5
9,Cassia montana,4.5
9,Cassia montana,5
9,Cassia montana,2.5
9,Cassia montana,2.5
9,Cassia montana,3
9,Erythroxylum monogynum,2
9,Erythroxylum monogynum,3
9,Erythroxylum monogynum,4
9,Erythroxylum monogynum,2.5
9,Dolichandrone atrovirens,42
9,Dolichandrone atrovirens,26
9,Dolichandrone atrovirens,25
9,Dolichandrone atrovirens,31
9,Dolichandrone atrovirens,28
9,Dolichandrone atrovirens,36
9,Dolichandrone atrovirens,34
9,Dolichandrone atrovirens,32
9,Azadirachata indica,34
9,Dolichandrone atrovirens,34
9,Dolichandrone atrovirens,22
9,Dolichandrone atrovirens,35
9,Dolichandrone atrovirens,37
9,Dolichandrone atrovirens,23
9,Dolichandrone atrovirens,29
9,Dolichandrone atrovirens,35
9,Wrightia tinctoria,34
9,Wrightia tinctoria,38
10,Cassia montana,2.3
10,Cassia montana,2.1
10,Cassia montana,2
10,Cassia montana,3
10,Cassia montana,4
10,Cassia montana,4.1
10,Cassia montana,3.2
10,Cassia montana,3.8
10,Cassia montana,3.2
10,Cassia montana,3
10,Tectonia grandis,33
10,Tectonia grandis,25
10,Azadirachata indica,38
10,Tectonia grandis,22
10,Dalbergia paniculata,27
10,Dalbergia paniculata,29
10,Dalbergia paniculata,17
10,Dalbergia paniculata,26
10,Azadirachata indica,45
10,Azadirachata indica,46
1,Wrightia tinctoria,9
1,Wrightia tinctoria,2
1,Wrightia tinctoria,8
1,Wrightia tinctoria,20
1,Wrightia tinctoria,20
1,Wrightia tinctoria,18.5
1,Wrightia tinctoria,18
1,Wrightia tinctoria,27
1,Wrightia tinctoria,22
1,Wrightia tinctoria,34
1,Wrightia tinctoria,51
1,Wrightia tinctoria,19
1,Wrightia tinctoria,27
1,Wrightia tinctoria,16
1,Wrightia tinctoria,27
1,Wrightia tinctoria,21
1,Wrightia tinctoria,16
1,Wrightia tinctoria,16
1,Wrightia tinctoria,26
1,Wrightia tinctoria,22
1,Ziziphus mauritiana,17
2,Plectronia parviflora,2
2,Plectronia parviflora,3
2,Wrightia tinctoria,18
2,Wrightia tinctoria,16
2,Wrightia tinctoria,28
2,Wrightia tinctoria,22
2,Wrightia tinctoria,16
2,Wrightia tinctoria,18
2,Wrightia tinctoria,15
2,Wrightia tinctoria,19
2,Wrightia tinctoria,20
2,Wrightia tinctoria,25
2,Wrightia tinctoria,19
2,Wrightia tinctoria,18
2,Wrightia tinctoria,19
2,Wrightia tinctoria,15
2,Wrightia tinctoria,16
2,Wrightia tinctoria,21
2,Wrightia tinctoria,17
2,Wrightia tinctoria,27
2,Wrightia tinctoria,23
2,Wrightia tinctoria,16
3,Ziziphus mauritiana,7
3,Wrightia tinctoria,22
3,Wrightia tinctoria,21
3,Wrightia tinctoria,27
3,Wrightia tinctoria,28
3,Wrightia tinctoria,23
3,Wrightia tinctoria,23
3,Wrightia tinctoria,19
3,Wrightia tinctoria,16
3,Wrightia tinctoria,16
3,Wrightia tinctoria,20
3,Wrightia tinctoria,16.5
3,Wrightia tinctoria,20
3,Wrightia tinctoria,15
3,Wrightia tinctoria,20
3,Wrightia tinctoria,15
3,Wrightia tinctoria,23
4,Cassia montana,6
4,Cassia montana,6
4,Cassia montana,4
4,Cassia montana,3
4,Cassia montana,3.5
4,Cassia montana,3
4,Cassia montana,2
4,Wrightia tinctoria,16
4,Wrightia tinctoria,29
4,Wrightia tinctoria,31
4,Wrightia tinctoria,36
4,Wrightia tinctoria,35
4,Wrightia tinctoria,31
4,Wrightia tinctoria,32
4,Wrightia tinctoria,20
4,Wrightia tinctoria,30
4,Wrightia tinctoria,24
4,Wrightia tinctoria,25
4,Wrightia tinctoria,16
4,Wrightia tinctoria,17
5,Cassia montana,2
5,Cassia montana,3
5,Cassia montana,2.5
5,Cassia montana,3
5,Wrightia tinctoria,18
5,Wrightia tinctoria,41
5,Wrightia tinctoria,19
5,Wrightia tinctoria,17
5,Wrightia tinctoria,29
5,Wrightia tinctoria,38
5,Wrightia tinctoria,31
5,Wrightia tinctoria,23
5,Wrightia tinctoria,29
5,Wrightia tinctoria,21
5,Wrightia tinctoria,25
5,Wrightia tinctoria,23
5,Wrightia tinctoria,19
5,Wrightia tinctoria,36
5,Wrightia tinctoria,15
5,Wrightia tinctoria,36
5,Wrightia tinctoria,53
6,Cassia montana,4
6,Cassia montana,3
6,Cassia montana,2
6,Cassia montana,2
6,Cassia montana,2
6,Acacia chundra,25
6,Acacia chundra,29
6,Acacia chundra,26
6,Acacia chundra,26
6,Acacia chundra,16
6,Acacia chundra,16
6,Wrightia tinctoria,48
6,Wrightia tinctoria,34
7,Cassia montana,4
7,Cassia montana,4
7,Cassia montana,3
7,Cassia montana,2.5
7,Cassia montana,3
7,Cassia montana,2.5
7,Cassia montana,3
7,Butea monosperma,21
7,Butea monosperma,39
7,Butea monosperma,28
7,Butea monosperma,22
7,Butea monosperma,33
7,Butea monosperma,20
7,Butea monosperma,22
7,Wrightia tinctoria,40
7,Wrightia tinctoria,43
7,Wrightia tinctoria,32
7,Wrightia tinctoria,29
7,Wrightia tinctoria,26
8,Cassia montana,5
8,Cassia montana,3
8,Cassia montana,3
8,Cassia montana,2
8,Cassia montana,2
8,Acacia chundra,20
8,Acacia chundra,21
8,Acacia chundra,28
8,Acacia chundra,28.5
8,Acacia chundra,22
8,Acacia chundra,22.5
8,Acacia chundra,23.5
8,Acacia chundra,21
8,Acacia chundra,30
8,Acacia chundra,23
8,Acacia chundra,15
8,Acacia chundra,16
8,Acacia chundra,16
8,Acacia chundra,16
8,Acacia chundra,16
9,Cassia montana,4
9,Cassia montana,4
9,Cassia montana,4
9,Cassia montana,3
9,Acacia chundra,30
9,Acacia chundra,16
9,Acacia chundra,17
9,Acacia chundra,19
9,Acacia chundra,23
9,Acacia chundra,17
9,Wrightia tinctoria,21
9,Wrightia tinctoria,18
9,Acacia chundra,21
9,Acacia chundra,17
9,Acacia chundra,15
9,Acacia chundra,20
10,Cassia montana,3.5
10,Cassia montana,3
10,Cassia montana,2
10,Cassia montana,4
10,Cassia montana,3
10,Cassia montana,3
10,Cassia montana,2.5
10,Cassia montana,3
10,Wrightia tinctoria,40
10,Wrightia tinctoria,30
10,Wrightia tinctoria,15
10,Wrightia tinctoria,17
10,Wrightia tinctoria,32
10,Wrightia tinctoria,17
10,Wrightia tinctoria,26
10,Wrightia tinctoria,29
10,Wrightia tinctoria,43
10,Wrightia tinctoria,36
10,Wrightia tinctoria,43
10,Wrightia tinctoria,39
10,Wrightia tinctoria,35
10,Annona squamosa,15
1,Diospyros melanoxylon,11
1,Dodonaea viscosa,4
1,Diospyros melanoxylon,10
1,Morinda tinctoria,17.5
1,Morinda tinctoria,12.8
1,Morinda tinctoria,14.1
1,Soumida febrifuga,21
1,Soumida febrifuga,22.5
1,Acacia chundra,23.5
1,Soumida febrifuga,13
1,Soumida febrifuga,10.4
2,Cassia montana,3.8
2,Cassia montana,4.2
2,Cassia montana,3
2,Cassia montana,4
2,Cassia montana,3.6
2,Diospyros montana,5
2,Ziziphus mauritiana,8.9
2,Ziziphus mauritiana,7
2,Cassia montana,8
2,Cassia montana,6.5
2,Cassia montana,9.5
2,Cassia montana,4.6
2,Cassia montana,6
2,Cassia montana,5.6
2,Cassia montana,6
2,Cassia montana,5.6
2,Cassia montana,4
2,Cassia montana,3.5
2,Cassia fistula,20
2,Cassia fistula,21
2,Cassia fistula,40
2,Cassia fistula,45
2,Boswelia serrata,32
2,Boswelia serrata,17
2,Boswelia serrata,31
2,Boswelia serrata,40.3
2,Boswelia serrata,40.5
3,Cassia montana,5
3,Cassia montana,4
3,Cassia montana,3
3,Cassia montana,6
3,Cassia montana,3.5
3,Cassia montana,5.5
3,Cassia montana,3
3,Cassia montana,8
3,Cassia montana,4
3,Randia longispina,5
3,Boswelia serrata,3.5
3,Buchnania latifolia,4
3,Boswelia serrata,34
3,Boswelia serrata,24
3,Boswelia serrata,33
3,Boswelia serrata,38.1
3,Cassia fistula,24.4
3,Boswelia serrata,13
3,Boswelia serrata,17
3,Boswelia serrata,13.3
3,Boswelia serrata,39.4
3,Gardenia gummifera,12.2
3,Boswelia serrata,22
3,Boswelia serrata,13
3,Boswelia serrata,43.4
3,Boswelia serrata,34.5
3,Boswelia serrata,34.2
3,Buchnania latifolia,41.9
3,Buchnania latifolia,39.6
3,Buchnania latifolia,36
3,Anogeissus latifolia,20
3,Buchnania latifolia,19.5
4,Cassia montana,6.5
4,Cassia montana,8
4,Cassia montana,5
4,Cassia montana,5.5
4,Anogeissus latifolia,9
4,Anogeissus latifolia,7
4,Anogeissus latifolia,8
4,Anogeissus latifolia,15
4,Anogeissus latifolia,10
4,Anogeissus latifolia,12.9
4,Anogeissus latifolia,11.9
4,Anogeissus latifolia,16.4
4,Anogeissus latifolia,9.5
4,Anogeissus latifolia,11
4,Cassia fistula,21.8
4,Anogeissus latifolia,12.5
4,Anogeissus latifolia,12.7
4,Anogeissus latifolia,12.5
4,Anogeissus latifolia,10
4,Anogeissus latifolia,11
4,Anogeissus latifolia,11
4,Boswelia serrata,11
4,Boswelia serrata,41.2
4,Boswelia serrata,37.5
4,Boswelia serrata,38
4,Boswelia serrata,21.5
4,Boswelia serrata,29
4,Boswelia serrata,19.5
4,Boswelia serrata,21.3
4,Anogeissus latifolia,20.5
4,Anogeissus latifolia,19.3
4,Anogeissus latifolia,11
4,Anogeissus latifolia,11.5
4,Dolichandrone atrovirens,10
5,Gimnosporia emarginata,4.7
5,Gimnosporia emarginata,7
5,Gimnosporia emarginata,4.5
5,Gimnosporia emarginata,4
5,Gimnosporia emarginata,4
5,Gimnosporia emarginata,7.5
5,Gimnosporia emarginata,6.5
5,Gimnosporia emarginata,7
5,Gimnosporia emarginata,7.5
5,Gimnosporia emarginata,7
5,Cassia montana,3.5
5,Cassia montana,4
5,Cassia montana,4.5
5,Cassia montana,3
5,Dolichandrone atrovirens,23
5,Dolichandrone atrovirens,21.5
5,Dolichandrone atrovirens,18.3
5,Dolichandrone atrovirens,24
5,Acacia chundra,31.5
5,Acacia chundra,17.5
5,Acacia chundra,23.5
5,Acacia chundra,39.5
5,Dolichandrone atrovirens,24.8
5,Dolichandrone atrovirens,11.5
5,Dolichandrone atrovirens,13.6
6,Maytenus emarginata,8
6,Soumida febrifuga,9.5
6,Acacia chundra,2.8
6,Soumida febrifuga,24
6,Soumida febrifuga,17
6,Soumida febrifuga,17.5
6,Soumida febrifuga,12
6,Soumida febrifuga,17
6,Acacia chundra,17
6,Acacia chundra,18
6,Acacia chundra,24
7,Pongamia pinnata,7
7,Pterocarpus santalilnus,4
7,Cassia fistula,11
7,Cassia fistula,11
7,Wrightia tinctoria,16.5
7,Diospyros montana,22
7,Diospyros montana,14
7,Diospyros montana,15
7,Diospyros montana,12
7,Diospyros montana,15
8,Ficus racemosa,4
8,Dodonaea viscosa,8
8,Dodonaea viscosa,4
8,Ficus racemosa,3
8,Ficus racemosa,3.5
8,Ficus racemosa,3
8,Ficus racemosa,2.5
8,Dodonaea viscosa,5
8,Albizia amara,8
8,Albizia amara,4
8,Albizia amara,5
8,Albizia amara,2.5
8,Albizia amara,2
8,Pongamia pinnata,3.5
8,Pongamia pinnata,4.5
8,Anogeissus latifolia,11
8,Soumida febrifuga,11
8,Albizia amara,11.5
8,Acacia chundra,13
8,Soumida febrifuga,8
8,Soumida febrifuga,9
8,Soumida febrifuga,14
8,Soumida febrifuga,12
8,Soumida febrifuga,13
8,Soumida febrifuga,22
9,Dalbergia sissoo,1
9,Pongamia pinnata,2.2
9,Dalbergia sissoo,2.5
9,Pongamia pinnata,2
9,Syzygium jambola,2
9,Acacia chundra,75
9,Acacia chundra,39
9,Acacia chundra,85
9,Acacia chundra,27
9,Anogeissus latifolia,105
9,Soumida febrifuga,15
9,Soumida febrifuga,75
9,Soumida febrifuga,75
9,Acacia chundra,23
9,Acacia chundra,30
9,Acacia chundra,25
9,Anogeissus latifolia,13
9,Anogeissus latifolia,12
10,Gimnosporia emarginata,7
10,Gimnosporia emarginata,3
10,Gimnosporia emarginata,7
10,Soumida febrifuga,19
10,Soumida febrifuga,16
10,Acacia chundra,15
10,Tectonia grandis,1
10,Wrightia tinctoria,22
10,Dolichandrone atrovirens,32
10,Dolichandrone atrovirens,33
10,Wrightia tinctoria,23
10,Wrightia tinctoria,17
10,Wrightia tinctoria,15.5
10,Dolichandrone atrovirens,30
10,Dolichandrone atrovirens,47
10,Dolichandrone atrovirens,20
10,Dolichandrone atrovirens,23
10,Dolichandrone atrovirens,29
2,Cassia montana,3
2,Cassia montana,3
2,Cassia montana,2
2,Cassia montana,2
2,Cassia montana,2.5
2,Cassia montana,3
2,Cassia montana,2
2,Dolichandrone atrovirens,17
2,Dolichandrone atrovirens,23
2,Dolichandrone atrovirens,18.5
2,Dolichandrone atrovirens,18.5
2,Dolichandrone atrovirens,28
2,Dolichandrone atrovirens,28
2,Dolichandrone atrovirens,28
2,Wrightia tinctoria,30
2,Dolichandrone atrovirens,25
3,Dolichandrone atrovirens,16
3,Dolichandrone atrovirens,24
3,Dolichandrone atrovirens,15.5
3,Dolichandrone atrovirens,18
3,Dolichandrone atrovirens,21
3,Dolichandrone atrovirens,29
3,Dolichandrone atrovirens,28
3,Dolichandrone atrovirens,25
3,Dolichandrone atrovirens,24
3,Dolichandrone atrovirens,18
3,Dolichandrone atrovirens,18.5
3,Dolichandrone atrovirens,27.5
3,Dolichandrone atrovirens,22
3,Dolichandrone atrovirens,22
3,Dolichandrone atrovirens,29
3,Dolichandrone atrovirens,24
3,Dolichandrone atrovirens,21
4,Cassia montana,3
4,Cassia montana,3.5
4,Cassia montana,3.5
4,Cassia montana,2
4,Dolichandrone atrovirens,5
4,Dolichandrone atrovirens,7
4,Dolichandrone atrovirens,5
4,Dolichandrone atrovirens,21
4,Dolichandrone atrovirens,27
4,Dolichandrone atrovirens,26
4,Dolichandrone atrovirens,15.5
4,Dolichandrone atrovirens,20
4,Dolichandrone atrovirens,16
4,Dolichandrone atrovirens,26
4,Dolichandrone atrovirens,16
4,Dolichandrone atrovirens,27
4,Dolichandrone atrovirens,29
4,Wrightia tinctoria,42
5,Cassia montana,3
5,Cassia montana,3
5,Cassia montana,4
5,Cassia montana,4
5,Cassia montana,3.5
5,Cassia montana,2.5
5,Cassia montana,2
5,Cassia montana,1.5
5,Cassia montana,4
5,Cassia montana,3
5,Cassia montana,4
5,Cassia montana,4
5,Cassia montana,2.5
5,Dolichandrone atrovirens,43.5
5,Dolichandrone atrovirens,29
5,Dolichandrone atrovirens,29
5,Dolichandrone atrovirens,32
5,Dolichandrone atrovirens,53.5
5,Dolichandrone atrovirens,17
5,Dolichandrone atrovirens,33
5,Dolichandrone atrovirens,26
5,Dolichandrone atrovirens,20
5,Dolichandrone atrovirens,16
5,Dolichandrone atrovirens,27
5,Dolichandrone atrovirens,26
6,Cassia montana,6
6,Cassia montana,6
6,Cassia montana,3.5
6,Cassia montana,3
6,Cassia montana,3
6,Cassia montana,2.5
6,Cassia montana,2
6,Dolichandrone atrovirens,2
6,Dolichandrone atrovirens,55
6,Dolichandrone atrovirens,30
6,Dolichandrone atrovirens,37
6,Dolichandrone atrovirens,39
6,Dolichandrone atrovirens,40.5
6,Dolichandrone atrovirens,25
6,Dolichandrone atrovirens,35
6,Dolichandrone atrovirens,32
6,Dolichandrone atrovirens,17
6,Dolichandrone atrovirens,15.5
6,Dolichandrone atrovirens,32
6,Dolichandrone atrovirens,17.5
7,Cassia montana,2
7,Cassia montana,2.5
7,Cassia fistula,5
7,Cassia fistula,3.5
7,Cassia fistula,2
7,Dolichandrone atrovirens,24.5
7,Dolichandrone atrovirens,16
7,Dolichandrone atrovirens,26
7,Dalbergia paniculata,20
7,Dolichandrone atrovirens,52
7,Dolichandrone atrovirens,48
8,Wrightia tinctoria,53
8,Wrightia tinctoria,24
8,Wrightia tinctoria,33
8,Wrightia tinctoria,20
8,Wrightia tinctoria,38
8,Wrightia tinctoria,49
8,Wrightia tinctoria,15
8,Wrightia tinctoria,27
8,Wrightia tinctoria,31
8,Wrightia tinctoria,25
8,Dolichandrone atrovirens,34.5
8,Dolichandrone atrovirens,16
8,Dolichandrone atrovirens,21
8,Dolichandrone atrovirens,31
8,Dolichandrone atrovirens,36
8,Wrightia tinctoria,23
8,Wrightia tinctoria,23.5
9,Azadirachata indica,52
9,Wrightia tinctoria,44
9,Wrightia tinctoria,30
9,Dolichandrone atrovirens,29
9,Dolichandrone atrovirens,22
9,Dolichandrone atrovirens,25
9,Dolichandrone atrovirens,20
9,Dolichandrone atrovirens,25
9,Dolichandrone atrovirens,15
9,Dolichandrone atrovirens,18
9,Dolichandrone atrovirens,28
9,Dolichandrone atrovirens,24
9,Dolichandrone atrovirens,12
9,Dolichandrone atrovirens,46
9,Dolichandrone atrovirens,20
9,Dolichandrone atrovirens,27
9,Dolichandrone atrovirens,31
10,Dolichandrone atrovirens,35
10,Dolichandrone atrovirens,20
10,Dolichandrone atrovirens,15
10,Dolichandrone atrovirens,33
10,Dolichandrone atrovirens,56
10,Dolichandrone atrovirens,20
10,Dolichandrone atrovirens,29
10,Dolichandrone atrovirens,61
10,Wrightia tinctoria,25
10,Wrightia tinctoria,33
10,Dolichandrone atrovirens,30
10,Dolichandrone atrovirens,21
10,Dolichandrone atrovirens,26
10,Dolichandrone atrovirens,28
1,Dolichandrone atrovirens,4
1,Dolichandrone atrovirens,44
1,Dolichandrone atrovirens,33
1,Dolichandrone atrovirens,19
1,Dolichandrone atrovirens,16
1,Dolichandrone atrovirens,15
1,Dolichandrone atrovirens,30
1,Dolichandrone atrovirens,27
1,Dolichandrone atrovirens,42.5
1,Dolichandrone atrovirens,20
1,Dolichandrone atrovirens,15
1,Dolichandrone atrovirens,20
1,Dolichandrone atrovirens,50
2,Randia longispina,2
2,Randia longispina,2.5
2,Cassia auriculata,4
2,Cassia auriculata,3
2,Cassia auriculata,3.5
2,Cassia auriculata,2.5
2,Wrightia tinctoria,40
2,Wrightia tinctoria,21
2,Wrightia tinctoria,48
2,Wrightia tinctoria,40
2,Wrightia tinctoria,21
2,Wrightia tinctoria,44
2,Wrightia tinctoria,34
2,Wrightia tinctoria,44.5
2,Dolichandrone atrovirens,85
2,Dolichandrone atrovirens,38
2,Dolichandrone atrovirens,18
2,Dolichandrone atrovirens,46
2,Dolichandrone atrovirens,56
2,Dolichandrone atrovirens,44
2,Dolichandrone atrovirens,45
2,Dolichandrone atrovirens,32
3,Dolichandrone atrovirens,3
3,Pongamia pinnata,3.5
3,Cassia montana,2
3,Cassia montana,2
3,Cassia montana,5
3,Cassia montana,4
3,Cassia montana,4
3,Cassia montana,3
3,Cassia montana,2.5
3,Dolichandrone atrovirens,53
3,Dolichandrone atrovirens,42
3,Dolichandrone atrovirens,33
3,Dolichandrone atrovirens,34
3,Wrightia tinctoria,15
3,Dolichandrone atrovirens,30
3,Dolichandrone atrovirens,17
3,Wrightia tinctoria,29
3,Dolichandrone atrovirens,50
3,Dolichandrone atrovirens,35
3,Dolichandrone atrovirens,17
3,Dolichandrone atrovirens,60
3,Dolichandrone atrovirens,20
4,Wrightia tinctoria,32
4,Wrightia tinctoria,34
4,Wrightia tinctoria,36
4,Dalbergia paniculata,26.5
4,Wrightia tinctoria,40
4,Wrightia tinctoria,39
4,Wrightia tinctoria,24
4,Wrightia tinctoria,41
4,Wrightia tinctoria,37
4,Wrightia tinctoria,42
5,Cassia montana,3
5,Cassia montana,3.5
5,Cassia montana,4
5,Cassia sophera,2.5
5,Cassia montana,3
5,Cassia montana,4
5,Cassia montana,3
5,Cassia montana,3
5,Cassia montana,3.5
5,Wrightia tinctoria,23
5,Wrightia tinctoria,23
5,Wrightia tinctoria,25
5,Wrightia tinctoria,25
5,Dolichandrone atrovirens,19
5,Dolichandrone atrovirens,39
5,Dolichandrone atrovirens,18
5,Dolichandrone atrovirens,23
5,Dolichandrone atrovirens,51
5,Dolichandrone atrovirens,29
5,Dolichandrone atrovirens,45
5,Dolichandrone atrovirens,30
5,Dolichandrone atrovirens,19
5,Dolichandrone atrovirens,32
5,Dolichandrone atrovirens,19
5,Dolichandrone atrovirens,31
5,Dolichandrone atrovirens,33
6,Dolichandrone atrovirens,3.5
6,Wrightia tinctoria,39
6,Wrightia tinctoria,35
6,Wrightia tinctoria,21
6,Wrightia tinctoria,24
6,Wrightia tinctoria,31
6,Wrightia tinctoria,34
6,Wrightia tinctoria,31
6,Wrightia tinctoria,29
6,Tectonia grandis,24
6,Tectonia grandis,16
6,Tectonia grandis,28
6,Tectonia grandis,17
6,Tectonia grandis,33
6,Tectonia grandis,23
6,Wrightia tinctoria,25
6,Wrightia tinctoria,30
6,Dalbergia paniculata,43
6,Dalbergia paniculata,23
6,Tectonia grandis,33
6,Tectonia grandis,41
6,Tectonia grandis,29
6,Tectonia grandis,29
7,Cassia montana,4
7,Cassia montana,4
7,Cassia montana,2
7,Cassia montana,4
7,Cassia montana,3
7,Cassia montana,3
7,Cassia montana,3
7,Cassia montana,3
7,Acacia chundra,25
7,Wrightia tinctoria,36
7,Wrightia tinctoria,37
7,Wrightia tinctoria,28
7,Wrightia tinctoria,15
7,Dalbergia paniculata,62
7,Dalbergia paniculata,30
7,Dalbergia paniculata,50
7,Wrightia tinctoria,62
7,Acacia chundra,35
7,Dalbergia paniculata,50
7,Acacia chundra,45
7,Acacia chundra,74
7,Acacia chundra,26
7,Wrightia tinctoria,46
7,Acacia chundra,22
7,Acacia chundra,15
7,Cassia fistula,24
8,Wrightia tinctoria,17
8,Wrightia tinctoria,24
8,Wrightia tinctoria,20
8,Wrightia tinctoria,17
8,Wrightia tinctoria,16
8,Dolichandrone atrovirens,19
8,Dolichandrone atrovirens,34
8,Dolichandrone atrovirens,27
9,Randia longispina,5
9,Randia longispina,4
9,Randia longispina,5
9,Randia longispina,4.5
9,Pongamia pinnata,19
9,Pongamia pinnata,17
9,Pongamia pinnata,24
9,Pongamia pinnata,18
9,Pongamia pinnata,19
9,Pongamia pinnata,23
9,Pongamia pinnata,27
9,Pongamia pinnata,15
9,Pongamia pinnata,28
9,Pongamia pinnata,25
9,Pongamia pinnata,20
9,Pongamia pinnata,21
9,Pongamia pinnata,19
9,Pongamia pinnata,31
9,Pongamia pinnata,32
9,Pongamia pinnata,38
9,Butea monosperma,95
9,Butea monosperma,30
9,Butea monosperma,37
9,Butea monosperma,62
10,Cassia montana,3
10,Cassia montana,3
10,Cassia montana,3
10,Cassia montana,2.5
10,Cassia montana,3
10,Cassia montana,2
10,Cassia montana,3
10,Cassia montana,5
10,Cassia montana,4
10,Cassia montana,2
10,Cassia montana,2.5
10,Wrightia tinctoria,40
10,Dolichandrone atrovirens,27
10,Dolichandrone atrovirens,25
10,Dolichandrone atrovirens,30
10,Dolichandrone atrovirens,19
1,Cassia fistula,4
1,Cassia fistula,3
1,Cassia fistula,2
1,Cassia fistula,2
1,Cassia fistula,2
1,Tectonia grandis,3
1,Dolichandrone atrovirens,18
1,Dolichandrone atrovirens,20
1,Tectonia grandis,27
1,Tectonia grandis,58
1,Tectonia grandis,18
1,Pongamia pinnata,65
1,Pongamia pinnata,60
1,Pongamia pinnata,60
1,Tectonia grandis,15
1,Tectonia grandis,27
1,Tectonia grandis,17.5
1,Tectonia grandis,17
1,Tectonia grandis,24
1,Tectonia grandis,29
1,Tectonia grandis,19
1,Cassia fistula,16
1,Cassia fistula,27
1,Cassia fistula,23
1,Cassia fistula,16
1,Cassia fistula,24
1,Cassia fistula,19
2,Dolichandrone atrovirens,13
2,Cassia montana,2
2,Cassia montana,2
2,Cassia montana,15
2,Cassia montana,1
2,Cassia montana,1
2,Dolichandrone atrovirens,10
2,Cassia montana,4
2,Cassia montana,2
2,Cassia montana,2.5
2,Cassia montana,3
2,Cassia montana,3
2,Cassia montana,4
2,Dolichandrone atrovirens,15
2,Dolichandrone atrovirens,24
2,Acacia chundra,26
2,Acacia chundra,23
2,Acacia chundra,20
2,Dolichandrone atrovirens,21
2,Dolichandrone atrovirens,28
2,Dolichandrone atrovirens,15
2,Dolichandrone atrovirens,19
2,Dolichandrone atrovirens,29
2,Dolichandrone atrovirens,19
2,Dolichandrone atrovirens,19
2,Dolichandrone atrovirens,17
2,Dolichandrone atrovirens,26
2,Dolichandrone atrovirens,25
2,Dolichandrone atrovirens,15
2,Dolichandrone atrovirens,18
2,Dolichandrone atrovirens,15
2,Dolichandrone atrovirens,19
2,Dolichandrone atrovirens,15
2,Dolichandrone atrovirens,31
2,Dolichandrone atrovirens,24
2,Dolichandrone atrovirens,18
2,Dolichandrone atrovirens,15
2,Dolichandrone atrovirens,22
2,Dolichandrone atrovirens,17
2,Dolichandrone atrovirens,28
2,Dolichandrone atrovirens,21
3,Dolichandrone atrovirens,27
3,Dolichandrone atrovirens,15
3,Dolichandrone atrovirens,17
3,Dolichandrone atrovirens,22
3,Dolichandrone atrovirens,24
3,Dolichandrone atrovirens,21
4,Dolichandrone atrovirens,5
4,Dolichandrone atrovirens,4
4,Dolichandrone atrovirens,2
4,Dolichandrone atrovirens,5
4,Dolichandrone atrovirens,16
4,Dolichandrone atrovirens,16
4,Dolichandrone atrovirens,15
4,Tectonia grandis,20
4,Dolichandrone atrovirens,20
4,Dolichandrone atrovirens,21
4,Dolichandrone atrovirens,17
4,Dolichandrone atrovirens,21
4,Dolichandrone atrovirens,20
4,Tectonia grandis,17
4,Tectonia grandis,16
4,Tectonia grandis,16
4,Dolichandrone atrovirens,20
5,Dolichandrone atrovirens,15
5,Tectonia grandis,17
5,Dolichandrone atrovirens,16
5,Dolichandrone atrovirens,19
5,Dolichandrone atrovirens,20
5,Dolichandrone atrovirens,28
5,Dolichandrone atrovirens,18
5,Tectonia grandis,22
5,Tectonia grandis,16
5,Tectonia grandis,19
5,Dolichandrone atrovirens,21
5,Dolichandrone atrovirens,22
5,Dolichandrone atrovirens,19
5,Dolichandrone atrovirens,17
5,Dolichandrone atrovirens,26
5,Acacia chundra,35
5,Acacia chundra,30
6,Cassia montana,5
6,Cassia montana,3
6,Cassia montana,4
6,Cassia montana,3
6,Cassia montana,2.5
6,Lawsonia inermis,3
6,Lawsonia inermis,3
6,Lawsonia inermis,2
6,Lawsonia inermis,2
6,Flacortia sepiaria,5
6,Flacortia sepiaria,3
6,Flacortia sepiaria,3
6,Tectonia grandis,28
6,Tectonia grandis,27
6,Dolichandrone atrovirens,18
6,Dolichandrone atrovirens,19
6,Dolichandrone atrovirens,15
6,Dolichandrone atrovirens,15
6,Dolichandrone atrovirens,20
6,Dolichandrone atrovirens,16
6,Dolichandrone atrovirens,18
6,Dolichandrone atrovirens,25
6,Dolichandrone atrovirens,17
6,Dolichandrone atrovirens,23
6,Dolichandrone atrovirens,18
6,Dolichandrone atrovirens,20
6,Acacia chundra,22
6,Acacia chundra,35
6,Acacia chundra,20
6,Acacia chundra,26
6,Tectonia grandis,17
6,Tectonia grandis,15
6,Butea monosperma,21
6,Butea monosperma,22
6,Butea monosperma,15
6,Butea monosperma,21
6,Tectonia grandis,15
6,Dolichandrone atrovirens,24
7,Dolichandrone atrovirens,2
7,Dolichandrone atrovirens,14
7,Dolichandrone atrovirens,1
7,Dolichandrone atrovirens,5
7,Dolichandrone atrovirens,3
7,Dolichandrone atrovirens,6
7,Dolichandrone atrovirens,8
7,Dolichandrone atrovirens,30
7,Dolichandrone atrovirens,17
7,Dolichandrone atrovirens,15
7,Dolichandrone atrovirens,16
7,Dolichandrone atrovirens,17
7,Dolichandrone atrovirens,16
7,Butea monosperma,36
7,Butea monosperma,19
7,Butea monosperma,33
7,Butea monosperma,23
7,Wrightia tinctoria,54
7,Wrightia tinctoria,15
7,Wrightia tinctoria,19
7,Dolichandrone atrovirens,35
7,Dolichandrone atrovirens,23
7,Dolichandrone atrovirens,18
7,Dolichandrone atrovirens,16
8,Cassia montana,4
8,Cassia montana,3
8,Cassia montana,2
8,Cassia montana,1
8,Cassia montana,1
8,Cassia montana,1
8,Dolichandrone atrovirens,15
8,Dolichandrone atrovirens,16
8,Dolichandrone atrovirens,16
8,Dolichandrone atrovirens,20
8,Dolichandrone atrovirens,15
8,Dolichandrone atrovirens,16
8,Dolichandrone atrovirens,22
8,Dolichandrone atrovirens,22
8,Dolichandrone atrovirens,22
8,Dolichandrone atrovirens,21
8,Dolichandrone atrovirens,19
8,Dolichandrone atrovirens,32
8,Dolichandrone atrovirens,19
8,Dolichandrone atrovirens,19
9,Butea monosperma,2
9,Butea monosperma,2
9,Butea monosperma,14
9,Butea monosperma,1
9,Butea monosperma,2
9,Dolichandrone atrovirens,12
9,Dolichandrone atrovirens,2
9,Dolichandrone atrovirens,1
9,Dolichandrone atrovirens,15
9,Dolichandrone atrovirens,18
9,Dolichandrone atrovirens,15
9,Dolichandrone atrovirens,17
9,Dolichandrone atrovirens,15
9,Dolichandrone atrovirens,17
9,Dolichandrone atrovirens,18
9,Dolichandrone atrovirens,21
9,Dolichandrone atrovirens,32
9,Dolichandrone atrovirens,20
9,Dolichandrone atrovirens,24
9,Dolichandrone atrovirens,18
9,Dolichandrone atrovirens,15
9,Dolichandrone atrovirens,17
9,Dolichandrone atrovirens,19
9,Dolichandrone atrovirens,17
9,Dolichandrone atrovirens,15
9,Dolichandrone atrovirens,27
9,Dolichandrone atrovirens,15
9,Acacia chundra,15
9,Acacia chundra,19
9,Dolichandrone atrovirens,15
9,Dolichandrone atrovirens,22
9,Dolichandrone atrovirens,20
9,Dolichandrone atrovirens,15
9,Dolichandrone atrovirens,27
9,Dolichandrone atrovirens,18
10,Cassia montana,6
10,Cassia montana,6
10,Cassia montana,6
10,Cassia montana,4
10,Cassia montana,3
10,Cassia montana,2
10,Dolichandrone atrovirens,15
10,Dolichandrone atrovirens,16
10,Dolichandrone atrovirens,17
1,Tectonia grandis,3
1,Tectonia grandis,2
1,Cassia montana,2.5
1,Cassia montana,4
1,Tectonia grandis,32
1,Tectonia grandis,19
1,Tectonia grandis,18
1,Tectonia grandis,27
1,Tectonia grandis,17
1,Tectonia grandis,15
1,Tectonia grandis,16
1,Tectonia grandis,24
1,Tectonia grandis,15
1,Pterocarpus santalilnus,54
1,Tectonia grandis,24
1,Tectonia grandis,30
1,Tectonia grandis,26
1,Dalbergia paniculata,33
1,Tectonia grandis,19
1,Tectonia grandis,16
1,Tectonia grandis,40
2,Premna tomentosa,3
2,Premna tomentosa,3
2,Premna tomentosa,2
2,Premna tomentosa,2.5
2,Premna tomentosa,2
2,Premna tomentosa,3
2,Premna tomentosa,2
2,Acacia chundra,45
2,Wrightia tinctoria,16
2,Wrightia tinctoria,17
2,Premna tomentosa,17
2,Premna tomentosa,23
2,Premna tomentosa,23
2,Wrightia tinctoria,21
2,Wrightia tinctoria,16
2,Azadirachata indica,45
2,Azadirachata indica,35
2,Cassia fistula,29
3,Chloroxylon swietenia,16
3,Chloroxylon swietenia,24
3,Azadirachata indica,51
3,Dolichandrone atrovirens,36
3,Dolichandrone atrovirens,47
3,Dolichandrone atrovirens,54
3,Dolichandrone atrovirens,47
3,Dolichandrone atrovirens,54
3,Dolichandrone atrovirens,54
3,Azadirachata indica,37
3,Azadirachata indica,30
3,Azadirachata indica,37
3,Azadirachata indica,33
4,Chloroxylon swietenia,14
4,Chloroxylon swietenia,13
4,Cassia montana,4
4,Cassia montana,3
4,Cassia montana,3
4,Cassia montana,2.5
4,Cassia montana,2
4,Cassia montana,3
4,Cassia montana,4
4,Gyrocarpus americanus,34
4,Dolichandrone atrovirens,51
4,Dolichandrone atrovirens,38
4,Dolichandrone atrovirens,38
4,Dolichandrone atrovirens,33
4,Acacia chundra,35
4,Chloroxylon swietenia,25.5
4,Dolichandrone atrovirens,51
4,Dolichandrone atrovirens,57
5,Chloroxylon swietenia,2
5,Chloroxylon swietenia,1.5
5,Chloroxylon swietenia,1.5
5,Acacia chundra,35
5,Acacia chundra,19
5,Acacia chundra,22
5,Chloroxylon swietenia,34
5,Acacia chundra,33
5,Acacia chundra,31
5,Acacia chundra,23
5,Chloroxylon swietenia,32
5,Chloroxylon swietenia,23
5,Chloroxylon swietenia,21
5,Acacia chundra,43
5,Chloroxylon swietenia,15
5,Chloroxylon swietenia,16
5,Chloroxylon swietenia,41
5,Azadirachata indica,33
5,Morinda tinctoria,17
5,Morinda tinctoria,19
5,Morinda tinctoria,38
5,Morinda tinctoria,45
5,Acacia chundra,36
5,Acacia chundra,34
5,Chloroxylon swietenia,20
5,Chloroxylon swietenia,39
5,Chloroxylon swietenia,39
5,Acacia chundra,18
5,Acacia chundra,31
5,Acacia chundra,30
5,Acacia chundra,23
5,Acacia chundra,32
5,Acacia chundra,27
5,Acacia chundra,31
5,Acacia chundra,22
5,Dolichandrone atrovirens,26
5,Dolichandrone atrovirens,27
5,Acacia chundra,20
5,Acacia chundra,29
5,Chloroxylon swietenia,20
5,Chloroxylon swietenia,46
5,Chloroxylon swietenia,50
5,Acacia chundra,38
5,Acacia chundra,36
5,Acacia chundra,18
5,Acacia chundra,23
5,Acacia chundra,25
6,Premna tomentosa,3
6,Premna tomentosa,3
6,Premna tomentosa,3
6,Premna tomentosa,2
6,Premna tomentosa,2
6,Premna tomentosa,2.5
6,Acacia chundra,19
6,Acacia chundra,45
6,Acacia chundra,38
6,Wrightia tinctoria,34
6,Wrightia tinctoria,21
6,Wrightia tinctoria,31
6,Wrightia tinctoria,19
6,Wrightia tinctoria,36
6,Wrightia tinctoria,27
6,Wrightia tinctoria,19
6,Wrightia tinctoria,22
6,Wrightia tinctoria,19
6,Wrightia tinctoria,23
6,Wrightia tinctoria,26
6,Pongamia pinnata,24
6,Wrightia tinctoria,27
6,Wrightia tinctoria,31
6,Wrightia tinctoria,27
6,Acacia chundra,27
6,Acacia chundra,44
6,Acacia chundra,18
6,Wrightia tinctoria,38
6,Wrightia tinctoria,19
7,Tectonia grandis,8
7,Tectonia grandis,8
7,Tectonia grandis,4
7,Tectonia grandis,4
7,Cassia montana,3
7,Cassia montana,2.5
7,Cassia montana,3
7,Cassia montana,2
7,Cassia montana,3
7,Cassia montana,2.5
7,Acacia chundra,2
7,Tectonia grandis,27
7,Tectonia grandis,46
7,Tectonia grandis,25
7,Tectonia grandis,50
7,Tectonia grandis,30
7,Tectonia grandis,25
7,Wrightia tinctoria,20
7,Wrightia tinctoria,19
7,Wrightia tinctoria,15
7,Tectonia grandis,40
7,Tectonia grandis,31
7,Tectonia grandis,19
7,Tectonia grandis,28
7,Tectonia grandis,29
7,Tectonia grandis,28
7,Tectonia grandis,18
7,Tectonia grandis,19
8,Wrightia tinctoria,48
8,Wrightia tinctoria,19
8,Acacia chundra,45
8,Acacia chundra,28
8,Acacia chundra,30
8,Acacia chundra,25
9,Dolichandrone atrovirens,51
9,Azadirachata indica,31
9,Azadirachata indica,26
9,Azadirachata indica,55
9,Wrightia tinctoria,35
10,Cassia fistula,4
10,Cassia fistula,4
10,Wrightia tinctoria,24
10,Wrightia tinctoria,24
10,Wrightia tinctoria,36
10,Wrightia tinctoria,30
10,Tectonia grandis,15
10,Tectonia grandis,20
10,Tectonia grandis,24
10,Tectonia grandis,18
10,Tectonia grandis,20
10,Tectonia grandis,18
10,Azadirachata indica,38
10,Tectonia grandis,15
10,Albizia amara,37
10,Albizia amara,30
10,Albizia amara,31
10,Albizia amara,36
10,Albizia amara,30
10,Premna tomentosa,18
1,Acacia chundra,20
1,Acacia chundra,17
1,Morinda tinctoria,22
1,Morinda tinctoria,68
1,Acacia chundra,54
1,Acacia chundra,16
1,Acacia chundra,19
1,Acacia chundra,15
1,Acacia chundra,22
2,Acacia chundra,3
2,Acacia chundra,22
2,Acacia chundra,20
2,Acacia chundra,51
2,Acacia chundra,32
2,Acacia chundra,22
2,Acacia chundra,21
2,Acacia chundra,22
2,Acacia chundra,18
2,Acacia chundra,22
2,Acacia chundra,23
3,Acacia chundra,19
3,Acacia chundra,18
3,Acacia chundra,17
3,Acacia chundra,18
3,Acacia chundra,16
3,Acacia chundra,19
4,Acacia chundra,2
4,Butea monosperma,3
4,Syzygium jambola,30
4,Syzygium jambola,33
4,Syzygium jambola,26
4,Syzygium jambola,21
4,Syzygium jambola,17
4,Syzygium jambola,23
4,Syzygium jambola,19
4,Syzygium jambola,22
4,Syzygium jambola,19
4,Syzygium jambola,28
4,Acacia chundra,20
4,Acacia chundra,15
4,Acacia chundra,17
4,Acacia chundra,25
4,Acacia chundra,23
4,Acacia chundra,21
4,Acacia chundra,28
4,Butea monosperma,27
4,Butea monosperma,35
4,Acacia chundra,15
5,Cassia montana,4
5,Flacortia sepiaria,2
5,Acacia chundra,19
5,Acacia chundra,16
5,Acacia chundra,23
5,Acacia chundra,17
5,Acacia chundra,15
5,Acacia chundra,23
5,Acacia chundra,17
5,Acacia chundra,29
5,Acacia chundra,23
5,Acacia chundra,26
5,Acacia chundra,15
5,Acacia chundra,16
5,Acacia chundra,15
5,Wrightia tinctoria,53
5,Wrightia tinctoria,32
5,Wrightia tinctoria,15
5,Wrightia tinctoria,17
5,Acacia chundra,22
5,Acacia chundra,15
5,Acacia chundra,19
5,Acacia chundra,35
5,Acacia chundra,22
6,Acacia chundra,3
6,Cassia montana,3
6,Cassia montana,2
6,Cassia montana,1
6,Acacia chundra,44
6,Acacia chundra,29
6,Acacia chundra,39
6,Acacia chundra,15
6,Acacia chundra,31
6,Acacia chundra,15
6,Acacia chundra,20
6,Acacia chundra,27
6,Acacia chundra,21
6,Acacia chundra,27
6,Acacia chundra,35
6,Acacia chundra,33
7,Acacia chundra,5
7,Cassia montana,4
7,Cassia montana,3
7,Cassia montana,4
7,Cassia montana,3
7,Acacia chundra,39
7,Acacia chundra,20
7,Acacia chundra,24
7,Acacia chundra,19
7,Acacia chundra,18
7,Acacia chundra,31
7,Acacia chundra,27
7,Acacia chundra,34
8,Cassia montana,3
8,Cassia montana,2
8,Cassia montana,2
8,Cassia montana,1.5
8,Cassia montana,2
8,Flacortia sepiaria,2
8,Flacortia sepiaria,3
8,Cassia montana,6
8,Cassia montana,7
8,Cassia montana,5
8,Cassia montana,4
8,Cassia montana,5
8,Cassia montana,4
8,Flacortia sepiaria,5
8,Flacortia sepiaria,4
8,Flacortia sepiaria,5
8,Flacortia sepiaria,4
8,Flacortia sepiaria,2
8,Wrightia tinctoria,24
8,Wrightia tinctoria,23
8,Wrightia tinctoria,22
9,Cassia montana,8
9,Cassia montana,5
9,Cassia montana,7
9,Cassia montana,6
9,Cassia montana,4
9,Cassia montana,6
9,Cassia montana,3
9,Cassia montana,4
9,Cassia montana,2
9,Cassia montana,3
9,Cassia montana,4
9,Cassia montana,4
9,Cassia montana,3
9,Cassia montana,4
9,Cassia montana,3
9,Cassia montana,2
9,Cassia montana,2
9,Acacia chundra,40
9,Acacia chundra,28
9,Acacia chundra,25
9,Acacia chundra,15
9,Acacia chundra,18
9,Acacia chundra,19
9,Acacia chundra,21
9,Acacia chundra,23
9,Acacia chundra,15
9,Acacia chundra,23
9,Acacia chundra,28
9,Acacia chundra,28
9,Acacia chundra,16
9,Acacia chundra,18
9,Acacia chundra,26
9,Acacia chundra,25
9,Acacia chundra,16
9,Acacia chundra,23
9,Acacia chundra,18
9,Acacia chundra,16
9,Acacia chundra,15
9,Acacia chundra,15
9,Acacia chundra,26
9,Acacia chundra,37
10,Cassia montana,4
10,Cassia montana,3
10,Acacia chundra,8
10,Acacia chundra,12
10,Acacia chundra,6
10,Acacia chundra,7
10,Acacia chundra,16
10,Acacia chundra,20
10,Acacia chundra,24
10,Acacia chundra,17
10,Acacia chundra,16
10,Acacia chundra,25
10,Acacia chundra,35
10,Acacia chundra,15
10,Acacia chundra,24
1,Gardenia gummifera,3
1,Gardenia gummifera,6
1,Flacortia sepiaria,3
1,Flacortia sepiaria,4
1,Flacortia sepiaria,3
1,Gardenia gummifera,14
1,Gardenia gummifera,12
1,Gardenia gummifera,13
1,Gardenia gummifera,12
1,Gardenia gummifera,11
1,Ixora parviflora,14
1,Gardenia gummifera,10.3
1,Gardenia gummifera,10.2
1,Anogeissus latifolia,12
1,Anogeissus latifolia,18.2
1,Anogeissus latifolia,10
1,Anogeissus latifolia,10.4
1,Anogeissus latifolia,10.3
1,Acacia sundra,13
1,Acacia sundra,12
1,Diospyros montana,16
1,Diospyros montana,10.2
1,Gimnosporia emarginata,11
1,Ixora parviflora,11.2
2,Cassia montana,2
2,Cassia montana,4
2,Cassia montana,4.4
2,Cassia montana,3.4
2,Randia longispina,3.2
2,Randia longispina,8
2,Dodonaea viscosa,3
2,Dodonaea viscosa,7.5
2,Dodonaea viscosa,7.8
2,Dodonaea viscosa,6
2,Dodonaea viscosa,9
2,Dodonaea viscosa,8
2,Dodonaea viscosa,6
2,Dodonaea viscosa,4
2,Dodonaea viscosa,9
2,Dodonaea viscosa,8
2,Wrightia tinctoria,23
2,Cassia fistula,21.3
2,Cassia fistula,32
2,Cassia fistula,16.3
2,Cassia fistula,20.2
2,Cassia fistula,22.3
2,Cassia fistula,14
3,Dodonaea viscosa,7
3,Dodonaea viscosa,6.8
3,Dodonaea viscosa,4
3,Dodonaea viscosa,5
3,Dodonaea viscosa,8
3,Dodonaea viscosa,7
3,Acacia chundra,17.4
3,Acacia chundra,19
3,Acacia chundra,17.2
3,Acacia chundra,17
3,Acacia chundra,14
3,Acacia chundra,18.2
3,Acacia chundra,16
3,Maytenus emarginata,13.8
3,Maytenus emarginata,18.2
3,Maytenus emarginata,24
3,Maytenus emarginata,28
3,Maytenus emarginata,29
3,Maytenus emarginata,24
4,Acacia chundra,9
4,Ixora parviflora,5
4,Ixora parviflora,8
4,Ixora parviflora,4
4,Ixora parviflora,3
4,Acacia chundra,40.3
4,Boswelia serrata,37
4,Boswelia serrata,33
4,Ixora parviflora,21.4
4,Ixora parviflora,14.3
4,Boswelia serrata,25
4,Cassia fistula,24
4,Gimnosporia emarginata,11.2
4,Gimnosporia emarginata,11
4,Diospyros montana,18
4,Diospyros montana,20.2
4,Diospyros montana,22
4,Diospyros montana,16
4,Diospyros montana,16.2
4,Acacia sundra,17
4,Gimnosporia emarginata,22
4,Gimnosporia emarginata,15
4,Gimnosporia emarginata,16
4,Gimnosporia emarginata,16
5,Dodonaea viscosa,6
5,Gimnosporia emarginata,7
5,Gimnosporia emarginata,4
5,Gimnosporia emarginata,8
5,Gimnosporia emarginata,8
5,Gimnosporia emarginata,7
5,Dodonaea viscosa,2
5,Dodonaea viscosa,3.3
5,Gimnosporia emarginata,7
5,Gimnosporia emarginata,6
5,Gimnosporia emarginata,6.2
5,Soumida febrifuga,11.3
5,Soumida febrifuga,10.4
5,Soumida febrifuga,12
5,Acacia chundra,21
5,Anogeissus latifolia,12
5,Anogeissus latifolia,13
5,Anogeissus latifolia,11.2
5,Anogeissus latifolia,12.3
5,Anogeissus latifolia,13.3
5,Anogeissus latifolia,16
5,Soumida febrifuga,18.4
5,Soumida febrifuga,17.2
5,Soumida febrifuga,18.4
5,Gardenia gummifera,11
5,Gardenia gummifera,10.8
5,Soumida febrifuga,11.2
5,Soumida febrifuga,19.1
5,Acacia chundra,17
5,Acacia chundra,23
5,Acacia chundra,17
5,Acacia chundra,15
5,Acacia chundra,14.4
5,Acacia chundra,15.1
5,Anogeissus latifolia,16
5,Anogeissus latifolia,16
5,Anogeissus latifolia,11
5,Anogeissus latifolia,12
5,Acacia chundra,12
5,Acacia chundra,11
5,Soumida febrifuga,21
5,Soumida febrifuga,14
6,Cassia montana,3
6,Cassia montana,5
6,Ixora parviflora,2
6,Ixora parviflora,4
6,Ixora parviflora,6
6,Boswelia serrata,32
6,Boswelia serrata,43
6,Boswelia serrata,25
6,Boswelia serrata,22
6,Boswelia serrata,25
6,Boswelia serrata,22
6,Boswelia serrata,26
6,Boswelia serrata,29
6,Boswelia serrata,32
6,Boswelia serrata,28
6,Boswelia serrata,32.3
6,Cassia fistula,20
6,Cassia fistula,17
6,Cassia fistula,19
6,Cassia fistula,15.4
6,Cassia fistula,15.5
6,Cassia fistula,11
6,Cassia fistula,15.2
6,Diospyros montana,23.4
6,Diospyros montana,24
6,Gimnosporia emarginata,18
6,Boswelia serrata,23
6,Boswelia serrata,28
6,Boswelia serrata,13.6
6,Boswelia serrata,19
6,Boswelia serrata,31
6,Boswelia serrata,14
7,Ixora parviflora,4
7,Cassia montana,3
7,Flacortia sepiaria,2.2
7,Flacortia sepiaria,3
7,Acacia chundra,4
7,Acacia chundra,6
7,Acacia chundra,8
7,Maytenus emarginata,14
7,Acacia sundra,15
7,Acacia sundra,11
7,Acacia sundra,10.8
7,Acacia sundra,11
7,Gimnosporia emarginata,12
7,Gimnosporia emarginata,17
7,Ixora parviflora,12
7,Diospyros montana,18
7,Diospyros montana,34
7,Diospyros montana,11
8,Cassia montana,4
8,Cassia montana,3
8,Cassia montana,6
8,Cassia montana,7
8,Cassia montana,8
8,Randia longispina,4
8,Randia longispina,6
8,Diospyros montana,4
8,Flacortia sepiaria,3
8,Boswelia serrata,23
8,Boswelia serrata,28
8,Cassia fistula,37
8,Cassia fistula,17
8,Ixora parviflora,16
8,Ixora parviflora,26
8,Boswelia serrata,13
8,Ixora parviflora,14
8,Ixora parviflora,25
8,Ficus tomentosa,34
8,Ficus tomentosa,33
8,Ficus tomentosa,24
8,Ficus tomentosa,14
8,Ficus tomentosa,11
8,Ficus tomentosa,12
8,Ficus tomentosa,13
9,Dolichandrone atrovirens,4.5
9,Cassia montana,6
9,Gardenia gummifera,15
9,Gardenia gummifera,11
9,Gardenia gummifera,13
9,Gardenia gummifera,10
9,Gardenia gummifera,12
9,Gardenia gummifera,14
9,Gardenia gummifera,13
9,Gardenia gummifera,12
9,Gardenia gummifera,14
9,Cassia fistula,27
9,Cassia fistula,26
9,Cassia fistula,21
9,Cassia fistula,20
9,Dolichandrone atrovirens,11
10,Cassia montana,4.3
10,Cassia montana,3.8
10,Cassia montana,3.3
10,Cassia montana,5
10,Cassia montana,4
10,Ixora parviflora,9
10,Ixora parviflora,8
10,Ixora parviflora,8.3
10,Boswelia serrata,29.5
10,Boswelia serrata,35.8
10,Boswelia serrata,30.8
10,Boswelia serrata,19
10,Boswelia serrata,21
10,Cassia fistula,13.5
10,Boswelia serrata,21.5
10,Boswelia serrata,20.6
10,Boswelia serrata,27
10,Boswelia serrata,18
10,Boswelia serrata,13.6
10,Boswelia serrata,13.3
10,Boswelia serrata,24.8
10,Boswelia serrata,15.6
10,Boswelia serrata,20.6
10,Boswelia serrata,31.6
10,Boswelia serrata,19.8
1,Diospyros chloroxylon,8
1,Diospyros chloroxylon,7
1,Diospyros chloroxylon,3
1,Ixora parviflora,4
1,Cassia montana,3
1,Cassia montana,7
1,Gimnosporia emarginata,11
1,Gimnosporia emarginata,11.5
1,Gimnosporia emarginata,14
1,Diospyros montana,17
1,Diospyros montana,18
1,Maytenus emarginata,15
2,Flacortia sepiaria,4
2,Flacortia sepiaria,3
2,Plectronia parviflora,4
2,Flacortia sepiaria,8
2,Lantana camara,3
2,Acacia chundra,13
2,Acacia chundra,11
2,Anogeissus latifolia,10.5
2,Anogeissus latifolia,12
2,Acacia chundra,22
2,Acacia chundra,18
2,Acacia chundra,13
2,Acacia chundra,14
2,Gimnosporia emarginata,13
2,Acacia chundra,14
2,Acacia chundra,17.4
2,Diospyros montana,11.2
2,Cassia fistula,13
2,Cassia fistula,28
3,Cassia montana,4
3,Flacortia sepiaria,3
3,Flacortia sepiaria,2
3,Flacortia sepiaria,4
3,Cassia montana,3
3,Cassia montana,3.4
3,Cassia montana,5
3,Cassia montana,5.4
3,Cassia montana,4.5
3,Gimnosporia emarginata,12
3,Gimnosporia emarginata,17
3,Gimnosporia emarginata,14
3,Gimnosporia emarginata,13
3,Cassia fistula,20
3,Cassia fistula,12
3,Cassia fistula,19
3,Cassia fistula,24
3,Premna tomentosa,12
4,Flacortia sepiaria,2
4,Flacortia sepiaria,3
4,Flacortia sepiaria,4
4,Flacortia sepiaria,3
4,Flacortia sepiaria,2
4,Ixora parviflora,3
4,Ixora parviflora,2
4,Ixora parviflora,2
4,Ixora parviflora,2.1
4,Ixora parviflora,5
4,Ixora parviflora,6
4,Ixora parviflora,15
4,Ixora parviflora,11
4,Ixora parviflora,14
4,Ixora parviflora,13
4,Diospyros montana,14
4,Diospyros montana,12
4,Diospyros montana,26
4,Diospyros montana,13
4,Diospyros montana,15
4,Gimnosporia emarginata,13
4,Gimnosporia emarginata,14
4,Gimnosporia emarginata,20
4,Gimnosporia emarginata,14
4,Gimnosporia emarginata,16
4,Diospyros montana,20
4,Acacia chundra,15
4,Acacia chundra,12
4,Acacia chundra,13
5,Randia longispina,3
5,Randia longispina,4
5,Randia longispina,2
5,Randia longispina,3
5,Ixora parviflora,15
5,Ixora parviflora,13
5,Gimnosporia emarginata,16
5,Gimnosporia emarginata,15
5,Gimnosporia emarginata,14
5,Ixora parviflora,12
5,Ixora parviflora,14
5,Ixora parviflora,13
5,Ixora parviflora,12
5,Boswelia serrata,18
5,Boswelia serrata,16
5,Boswelia serrata,56
5,Buchnania latifolia,28
5,Buchnania latifolia,25
5,Wrightia tinctoria,24
5,Wrightia tinctoria,33
5,Wrightia tinctoria,24
6,Cassia montana,4
6,Cassia montana,3
6,Cassia montana,2
6,Cassia montana,5
6,Cassia montana,4
6,Cassia montana,3
6,Cassia montana,6
6,Cassia montana,3
6,Ixora parviflora,3
6,Ixora parviflora,3
6,Ixora parviflora,4
6,Maytenus emarginata,18
6,Maytenus emarginata,22
6,Maytenus emarginata,27
6,Hardwickia binata,41
6,Hardwickia binata,58
6,Hardwickia binata,60
6,Hardwickia binata,51
6,Gimnosporia emarginata,11
6,Gimnosporia emarginata,12
6,Gimnosporia emarginata,19
6,Lantana camara,3
6,Lantana camara,2
6,Acacia sundra,4
6,Acacia sundra,3
6,Randia longispina,2
6,Flacortia sepiaria,3
6,Flacortia sepiaria,4
6,Diospyros montana,14
6,Diospyros montana,17
6,Diospyros montana,24
6,Ixora parviflora,12
6,Ixora parviflora,11
6,Gimnosporia emarginata,12
6,Soumida febrifuga,35
6,Soumida febrifuga,11
6,Gimnosporia emarginata,19
6,Gimnosporia emarginata,17
8,Dodonaea viscosa,4
8,Dodonaea viscosa,3
8,Dodonaea viscosa,3
8,Dodonaea viscosa,2
8,Dodonaea viscosa,2
8,Dodonaea viscosa,3.3
8,Dodonaea viscosa,2.5
8,Dodonaea viscosa,3.5
8,Dodonaea viscosa,2
8,Dodonaea viscosa,2.2
8,Dodonaea viscosa,3
8,Dodonaea viscosa,2.6
8,Dodonaea viscosa,2
8,Dodonaea viscosa,3.3
8,Dodonaea viscosa,4
8,Dodonaea viscosa,3
8,Dodonaea viscosa,3.2
8,Acacia chundra,24
8,Acacia chundra,27
8,Acacia chundra,33
8,Acacia chundra,16
8,Anogeissus latifolia,12
8,Gimnosporia emarginata,14
8,Gimnosporia emarginata,12
8,Acacia chundra,17
8,Acacia chundra,23
9,Randia longispina,4
9,Randia longispina,5
9,Anogeissus latifolia,6
9,Anogeissus latifolia,4
9,Randia longispina,6
9,Randia longispina,6
9,Randia longispina,8
9,Anogeissus latifolia,11
9,Anogeissus latifolia,13
9,Acacia sundra,12
9,Acacia sundra,11
9,Anogeissus latifolia,10.5
9,Acacia sundra,11
9,Anogeissus latifolia,11.2
9,Anogeissus latifolia,12
9,Anogeissus latifolia,12.2
9,Anogeissus latifolia,10.5
9,Anogeissus latifolia,12
9,Anogeissus latifolia,11
9,Anogeissus latifolia,12
10,Acacia sundra,3
10,Acacia sundra,6
10,Acacia sundra,4
10,Acacia sundra,7
10,Cassia montana,6
10,Cassia montana,2.5
10,Cassia montana,3
10,Cassia montana,4
10,Cassia montana,8
10,Cassia montana,5
10,Cassia fistula,28
10,Cassia fistula,26
10,Cassia fistula,24
10,Ixora parviflora,22
10,Acacia sundra,11
10,Acacia sundra,10.5
10,Cassia fistula,28
10,Acacia sundra,11
10,Acacia sundra,14
1,Ixora parviflora,3
1,Ixora parviflora,4
1,Ixora parviflora,2.5
1,Ixora parviflora,3.5
1,Ixora parviflora,4.5
1,Acacia sundra,3.4
1,Acacia sundra,3
1,Acacia sundra,5
1,Acacia sundra,2.8
1,Wrightia tinctoria,33
1,Wrightia tinctoria,47
1,Boswelia serrata,54
1,Boswelia serrata,30
1,Boswelia serrata,22
2,Cassia montana,4
2,Cassia montana,4.5
2,Cassia montana,3
2,Cassia montana,5
2,Cassia montana,3
2,Cassia montana,3.4
2,Cassia montana,2.5
2,Cassia montana,3.3
2,Cassia montana,3
2,#N/A,30
2,#N/A,49
2,#N/A,32
2,Soumida febrifuga,11
2,Gardenia gummifera,24
2,Gardenia gummifera,12
2,Gardenia gummifera,16
2,Gardenia gummifera,11.5
2,Gardenia gummifera,13
2,Ixora parviflora,14
2,Ixora parviflora,16
2,Wrightia tinctoria,53
2,Wrightia tinctoria,24
2,Wrightia tinctoria,19
2,Tamarindus indica,63
2,Tamarindus indica,65
2,Alangium salvifolium,18
2,Alangium salvifolium,20
2,Alangium salvifolium,15
2,Alangium salvifolium,14
2,Alangium salvifolium,25
3,Ixora parviflora,3
3,Ixora parviflora,4
3,Ixora parviflora,5
3,Ixora parviflora,6
3,Ixora parviflora,8
3,Ixora parviflora,7
3,Gyrocarpus americanus,30
3,Gyrocarpus americanus,36
3,Ixora parviflora,14
3,Ixora parviflora,16
3,Ixora parviflora,24
3,Ixora parviflora,17
3,Ixora parviflora,23
3,Ixora parviflora,11
3,Acacia sundra,13
3,Acacia sundra,14
3,Acacia sundra,13
3,Ixora parviflora,11
3,Ixora parviflora,10.5
3,Ixora parviflora,29
3,Wrightia tinctoria,48
3,Wrightia tinctoria,54
3,Boswelia serrata,54
4,Tectonia grandis,5.5
4,Tectonia grandis,3
4,Tectonia grandis,9
4,Tectonia grandis,9.2
4,Randia longispina,3
4,Randia longispina,4
4,Ixora parviflora,7
4,Ixora parviflora,9
4,Ixora parviflora,7.2
4,Diospyros chloroxylon,2.5
5,Dodonaea viscosa,2.5
5,Dodonaea viscosa,2
5,Dodonaea viscosa,3.5
5,Dodonaea viscosa,2.5
5,Dodonaea viscosa,3.5
5,Dodonaea viscosa,2
5,Chomelia  asiatica,2.5
5,Chomelia  asiatica,3
5,Chomelia  asiatica,2
5,Chomelia  asiatica,2.5
5,Dodonaea viscosa,3
5,Dodonaea viscosa,2.5
5,Dodonaea viscosa,2.5
5,Dodonaea viscosa,5.5
5,Dodonaea viscosa,5
5,Dodonaea viscosa,3.5
5,Diospyros chloroxylon,12
5,Diospyros chloroxylon,12
5,Diospyros chloroxylon,12
5,Diospyros chloroxylon,13
5,Diospyros chloroxylon,11
5,Diospyros chloroxylon,16
5,Diospyros chloroxylon,15
5,Diospyros chloroxylon,17
5,Diospyros chloroxylon,19
5,Diospyros chloroxylon,17
5,Diospyros chloroxylon,14
5,Gimnosporia emarginata,23
5,Gimnosporia emarginata,20
5,Gimnosporia emarginata,20
5,Gimnosporia emarginata,19
5,Gimnosporia emarginata,17
5,Diospyros chloroxylon,11.5
5,Diospyros chloroxylon,11
5,Diospyros chloroxylon,23
5,Diospyros chloroxylon,10.5
6,Terminalia bellirica,3
6,Terminalia bellirica,3.5
6,Terminalia bellirica,3
6,Acacia sundra,4
6,Acacia sundra,3.5
6,Acacia sundra,6
6,Acacia sundra,4.5
6,Terminalia bellirica,25.5
6,Boswelia serrata,18
6,Boswelia serrata,19
6,Boswelia serrata,30
6,Wrightia tinctoria,42
6,Wrightia tinctoria,27
6,Wrightia tinctoria,33
6,Wrightia tinctoria,46
6,Dalbergia paniculata,43
7,Diospyros montana,4
7,Diospyros montana,6
7,Diospyros montana,9
7,Diospyros montana,7
7,Plectronia parviflora,3
7,Plectronia parviflora,4
7,Maytenus emarginata,3.5
7,Maytenus emarginata,4
7,Dodonaea viscosa,2.5
7,Tectonia grandis,20
7,Tectonia grandis,19
7,Tectonia grandis,18.3
7,Tectonia grandis,18.5
7,Tectonia grandis,11
7,Tectonia grandis,12
7,Tectonia grandis,14
7,Tectonia grandis,13
7,Tectonia grandis,12
7,Tectonia grandis,16
7,Tectonia grandis,12
7,Tectonia grandis,15
7,Tectonia grandis,11
7,Tectonia grandis,35.3
7,Tectonia grandis,12
7,Tectonia grandis,12
7,Maytenus emarginata,22
7,Ixora parviflora,12
7,Ixora parviflora,18
8,Diospyros melanoxylon,5
8,Diospyros melanoxylon,4
8,Diospyros melanoxylon,3.5
8,Diospyros melanoxylon,3
8,Diospyros melanoxylon,4.3
8,Diospyros melanoxylon,2
8,Diospyros melanoxylon,16
8,Diospyros melanoxylon,17
8,Diospyros melanoxylon,13
8,Diospyros melanoxylon,15
8,Diospyros melanoxylon,12
8,Diospyros melanoxylon,16
8,Diospyros melanoxylon,13
8,Diospyros melanoxylon,17
8,Anogeissus latifolia,23
8,Holoptelia intergrifolia,12
8,Ixora parviflora,12
8,Ixora parviflora,14
8,Anogeissus latifolia,24
9,Gimnosporia emarginata,6
9,Dodonaea viscosa,4
9,Dodonaea viscosa,7
9,Dodonaea viscosa,4
9,Dodonaea viscosa,3
9,Dodonaea viscosa,5
9,Dodonaea viscosa,3
9,Dodonaea viscosa,4
9,Diospyros chloroxylon,6
9,Diospyros chloroxylon,4
9,Diospyros melanoxylon,4
9,Diospyros melanoxylon,5
9,Dodonaea viscosa,3
9,Diospyros melanoxylon,3.5
9,Dodonaea viscosa,6
9,Buchnania latifolia,47
9,Hardwickia binata,47
9,Boswelia serrata,48
9,Anogeissus latifolia,13
9,Anogeissus latifolia,11
9,Anogeissus latifolia,14
9,Anogeissus latifolia,12
9,Terminalia bellirica,14
9,Premna tomentosa,16
9,Anogeissus latifolia,19
9,Anogeissus latifolia,17
9,Boswelia serrata,63
9,Boswelia serrata,43
9,Anogeissus latifolia,14
9,Anogeissus latifolia,13
9,Diospyros chloroxylon,19
9,Anogeissus latifolia,13
9,Anogeissus latifolia,22
9,Terminalia bellirica,14
10,Cassia montana,4
10,Cassia montana,3
10,Diospyros chloroxylon,2
10,Diospyros chloroxylon,3
10,Diospyros chloroxylon,2.5
10,Cassia montana,3.5
10,Ziziphus glabrata,55
10,Ziziphus glabrata,40
10,Ziziphus glabrata,50
10,Ziziphus glabrata,45
10,Ziziphus glabrata,50
10,Ixora parviflora,22
10,Ixora parviflora,27
10,Terminalia bellirica,26
10,Terminalia bellirica,28
10,Ziziphus glabrata,31
10,Ixora parviflora,17
10,Wrightia tinctoria,40
10,Buchnania latifolia,49
10,Buchnania latifolia,25
1,Wrightia tinctoria,19
1,Wrightia tinctoria,26
1,Wrightia tinctoria,22
1,Wrightia tinctoria,20
1,Wrightia tinctoria,16
1,Wrightia tinctoria,21
1,Wrightia tinctoria,29
1,Wrightia tinctoria,16
1,Tectonia grandis,22
1,Tectonia grandis,15
1,Dolichandrone atrovirens,44
1,Dolichandrone atrovirens,39
1,Dolichandrone atrovirens,21
1,Dolichandrone atrovirens,17
1,Dolichandrone atrovirens,49
1,Dolichandrone atrovirens,28
2,Dolichandrone atrovirens,4
2,Dolichandrone atrovirens,4
2,Dolichandrone atrovirens,2
2,Dolichandrone atrovirens,2
2,Dolichandrone atrovirens,4
2,Dolichandrone atrovirens,2
2,Wrightia tinctoria,64
2,Wrightia tinctoria,28
2,Wrightia tinctoria,31
2,Wrightia tinctoria,27
2,Wrightia tinctoria,29
2,Wrightia tinctoria,32
2,Wrightia tinctoria,22
2,Wrightia tinctoria,40
2,Wrightia tinctoria,18
2,Wrightia tinctoria,21
3,Dolichandrone atrovirens,4
3,Dolichandrone atrovirens,2
3,Dolichandrone atrovirens,2
3,Dolichandrone atrovirens,25
3,Dolichandrone atrovirens,40
3,Dolichandrone atrovirens,26
3,Acacia chundra,37
3,Acacia chundra,35
3,Acacia chundra,15
3,Dolichandrone atrovirens,59
3,Dolichandrone atrovirens,20
3,Dolichandrone atrovirens,26
3,Dolichandrone atrovirens,40
3,Dolichandrone atrovirens,16
4,Cassia montana,5
4,Cassia montana,4
4,Cassia montana,3
4,Cassia montana,3
4,Cassia montana,3
4,Cassia montana,4
4,Dolichandrone atrovirens,64
4,Dolichandrone atrovirens,29
4,Dolichandrone atrovirens,16
4,Acacia chundra,28
4,Acacia chundra,27
4,Acacia chundra,16
4,#N/A,27
4,Acacia chundra,58
4,Acacia chundra,15
4,Acacia chundra,42
4,Acacia chundra,45
4,Acacia chundra,27
4,Acacia chundra,15
4,Wrightia tinctoria,23
4,Wrightia tinctoria,31
5,Dolichandrone atrovirens,59
6,Chloroxylon swietenia,19
6,Chloroxylon swietenia,19
6,Chloroxylon swietenia,40
6,Acacia chundra,32
6,Acacia chundra,15
6,Acacia chundra,32
6,Acacia chundra,26
6,Acacia chundra,34
6,Acacia chundra,38
6,Acacia chundra,31
6,Acacia chundra,19
6,Acacia chundra,33
6,Chloroxylon swietenia,35
6,Chloroxylon swietenia,34
6,Chloroxylon swietenia,28
6,Chloroxylon swietenia,29
6,Chloroxylon swietenia,48
6,Chloroxylon swietenia,27
6,Chloroxylon swietenia,36
6,Cassia fistula,18
7,Cassia auriculata,4
7,Cassia auriculata,4
7,Cassia auriculata,3
7,Cassia auriculata,5
7,Cassia auriculata,3
7,Cassia auriculata,5
7,Cassia auriculata,3
7,Wrightia tinctoria,52
7,Wrightia tinctoria,34
7,Wrightia tinctoria,27
7,Acacia chundra,56
7,Acacia chundra,19
7,Acacia chundra,20
7,Acacia chundra,42
7,Butea monosperma,48
7,Wrightia tinctoria,26
7,Wrightia tinctoria,23
7,Wrightia tinctoria,38
7,Wrightia tinctoria,47
8,Dolichandrone atrovirens,47
8,Dolichandrone atrovirens,19
8,Dolichandrone atrovirens,41
8,Dolichandrone atrovirens,32
8,Dolichandrone atrovirens,40
8,Dolichandrone atrovirens,29
8,Dolichandrone atrovirens,15
8,Chloroxylon swietenia,54
8,Wrightia tinctoria,33
8,Wrightia tinctoria,18
8,Dolichandrone atrovirens,20
8,Dolichandrone atrovirens,41
8,Dolichandrone atrovirens,21
8,Dolichandrone atrovirens,53
8,Dolichandrone atrovirens,16
8,Dolichandrone atrovirens,45
8,Dolichandrone atrovirens,39
8,Dolichandrone atrovirens,35
9,Chloroxylon swietenia,35
9,Chloroxylon swietenia,25
9,Chloroxylon swietenia,39
9,Azadirachata indica,48
9,Wrightia tinctoria,20
10,Wrightia tinctoria,36
10,Dolichandrone atrovirens,57
10,Dolichandrone atrovirens,22
10,Dolichandrone atrovirens,47
1,Cassia montana,4
1,Cassia montana,3
1,Cassia montana,3
1,Cassia montana,2
1,Cassia montana,2.5
1,Cassia montana,1.5
1,Cassia montana,2
1,Cassia montana,2
1,Cassia montana,2
1,Cassia montana,1.5
1,Cassia montana,1
1,Dolichandrone atrovirens,17
1,Dolichandrone atrovirens,27
1,Dolichandrone atrovirens,19
1,Dolichandrone atrovirens,32
1,Dolichandrone atrovirens,15
1,Dolichandrone atrovirens,23
2,Cassia montana,2
2,Cassia montana,2
2,Cassia montana,2
2,Cassia montana,1
2,Cassia montana,1.5
2,Cassia montana,1
2,Dolichandrone atrovirens,16
2,Dolichandrone atrovirens,25
2,Wrightia tinctoria,18
2,Dolichandrone atrovirens,27
2,Dolichandrone atrovirens,23
2,Dolichandrone atrovirens,17
2,Dolichandrone atrovirens,24
2,Dolichandrone atrovirens,27
2,Dolichandrone atrovirens,28
2,Dolichandrone atrovirens,19
2,Dolichandrone atrovirens,20
3,Cassia montana,3
3,Cassia montana,3
3,Cassia montana,2
3,Cassia montana,2.5
3,Cassia montana,3
3,Cassia montana,4
3,Cassia montana,2
3,Dolichandrone atrovirens,20
3,Dolichandrone atrovirens,17
3,Dolichandrone atrovirens,17
3,Dolichandrone atrovirens,36
3,Dolichandrone atrovirens,37
3,Dolichandrone atrovirens,30
3,Dolichandrone atrovirens,40
3,Dolichandrone atrovirens,21
3,Dolichandrone atrovirens,15
3,Dolichandrone atrovirens,17
3,Dolichandrone atrovirens,20
3,Dolichandrone atrovirens,33
3,Dolichandrone atrovirens,17
3,Dolichandrone atrovirens,18
3,Dolichandrone atrovirens,18
3,Dolichandrone atrovirens,33
4,Dolichandrone atrovirens,6
4,Dolichandrone atrovirens,24
4,Dolichandrone atrovirens,15
4,Dolichandrone atrovirens,16
4,Dolichandrone atrovirens,20
4,Dolichandrone atrovirens,16
4,Dolichandrone atrovirens,15
4,Dolichandrone atrovirens,21
4,Dolichandrone atrovirens,16
4,Dolichandrone atrovirens,27
4,Dolichandrone atrovirens,18
4,Dolichandrone atrovirens,39
4,Dolichandrone atrovirens,17
4,Dolichandrone atrovirens,18
4,Dolichandrone atrovirens,22
4,Dolichandrone atrovirens,25
4,Dolichandrone atrovirens,19
4,Dolichandrone atrovirens,20
4,Dolichandrone atrovirens,15
4,Dolichandrone atrovirens,28
5,Randia longispina,6
5,Randia longispina,6
5,Dolichandrone atrovirens,14
5,Cassia fistula,19
5,Dolichandrone atrovirens,24
5,Dolichandrone atrovirens,23
5,Dolichandrone atrovirens,28
5,Dolichandrone atrovirens,26
5,Dolichandrone atrovirens,21
5,Dolichandrone atrovirens,27
5,Dolichandrone atrovirens,16
5,Dolichandrone atrovirens,15
5,Dolichandrone atrovirens,20
5,Cassia fistula,19
5,Cassia fistula,16
6,Cassia montana,3
6,Cassia montana,3
6,Cassia montana,2.5
6,Cassia montana,2
6,Cassia montana,2
6,Cassia montana,2
6,Cassia montana,1
6,Dolichandrone atrovirens,3
6,Dolichandrone atrovirens,3
6,Cassia montana,1
6,Cassia montana,1
7,Dolichandrone atrovirens,2
7,Dolichandrone atrovirens,2
7,Dolichandrone atrovirens,3
7,Dolichandrone atrovirens,1
7,Dolichandrone atrovirens,2
7,Dolichandrone atrovirens,1
7,Cassia montana,2
7,Cassia montana,3
7,Cassia montana,3
7,Cassia montana,2
7,Cassia montana,1
7,Cassia montana,3
7,Cassia montana,1
7,Cassia montana,2
7,Dolichandrone atrovirens,2
7,Dolichandrone atrovirens,1
7,Cassia montana,2.5
7,Cassia montana,2
7,Cassia montana,1
7,Cassia montana,2
7,Cassia montana,3
7,Cassia montana,2
7,Cassia montana,3
7,Cassia montana,2
7,Cassia montana,4
7,Butea monosperma,15
7,Dolichandrone atrovirens,18
7,Dolichandrone atrovirens,22
7,Dolichandrone atrovirens,16
7,Dolichandrone atrovirens,16
7,Dolichandrone atrovirens,15
7,Dolichandrone atrovirens,15
8,Dolichandrone atrovirens,16
8,Dolichandrone atrovirens,16
8,Dolichandrone atrovirens,21
8,Dolichandrone atrovirens,15
8,Dolichandrone atrovirens,18
8,Dolichandrone atrovirens,16
8,Dolichandrone atrovirens,22
8,Dolichandrone atrovirens,24
8,Dolichandrone atrovirens,17
8,Dolichandrone atrovirens,20
8,Dolichandrone atrovirens,15
8,Dolichandrone atrovirens,20
8,Dolichandrone atrovirens,17
8,Dolichandrone atrovirens,17
9,Cassia montana,2
9,Cassia montana,2
9,Cassia montana,1.5
9,Cassia montana,1
9,Dolichandrone atrovirens,3
9,Dolichandrone atrovirens,3
9,Dolichandrone atrovirens,25
9,Dolichandrone atrovirens,23
9,Dolichandrone atrovirens,26
9,Chloroxylon swietenia,16
9,Dolichandrone atrovirens,20
9,Dolichandrone atrovirens,15
9,Dolichandrone atrovirens,21
9,Dolichandrone atrovirens,17
9,Dolichandrone atrovirens,23
9,Dolichandrone atrovirens,21
9,Dolichandrone atrovirens,17
9,Dolichandrone atrovirens,18
9,Dolichandrone atrovirens,15
10,Cassia montana,3
10,Cassia montana,2
10,Cassia montana,1
10,Cassia montana,2
10,Cassia montana,1
10,Cassia montana,1
10,Dodonaea viscosa,1
10,Dodonaea viscosa,1
10,Dodonaea viscosa,1
10,Dolichandrone atrovirens,16
10,Dolichandrone atrovirens,29
10,Dolichandrone atrovirens,27
10,Dolichandrone atrovirens,17
10,Dolichandrone atrovirens,30
10,Dolichandrone atrovirens,15
10,Dolichandrone atrovirens,31
10,Dolichandrone atrovirens,15
10,Dolichandrone atrovirens,21
10,Dolichandrone atrovirens,25
7,Lantana camara,3
7,Lantana camara,2
7,Acacia chundra,4
7,Acacia chundra,3
7,Randai spinosa,2
7,Flacourtia indica,3
7,Flacourtia indica,4
7,Diospyros montana,14
7,Diospyros montana,17
7,Diospyros montana,24
7,Ixora parviflora,12
7,Ixora parviflora,11
7,Gymnosporia emarginata,12
7,Soumida febrifuga,35
7,Soumida febrifuga,11
7,Gymnosporia emarginata,19
7,Gymnosporia emarginata,17
1,Tectona grandis,1
1,Wrightia tinctoria,22
1,Dolichandrone atrovirens,32
1,Dolichandrone atrovirens,33
1,Wrightia tinctoria,23
1,Wrightia tinctoria,17
1,Wrightia tinctoria,15.5
1,Dolichandrone atrovirens,30
1,Dolichandrone atrovirens,47
1,Dolichandrone atrovirens,20
1,Dolichandrone atrovirens,23
1,Dolichandrone atrovirens,29
